strain	virus	accession	date	region	country	db	segment
Wuhan/WIV06/2019	hCoV-19	EPI_ISL_402129	2019-12-30	WIV	Wuhan	gisaid	genome
Wuhan/WIV07/2019	hCoV-19	EPI_ISL_402130	2019-12-30	WIV	Wuhan	gisaid	genome
Guangdong/20SF012/2020	hCoV-19	EPI_ISL_403932	2020-01-14	SF	Guangdong	gisaid	genome
Guangdong/20SF013/2020	hCoV-19	EPI_ISL_403933	2020-01-15	SF	Guangdong	gisaid	genome
Guangdong/20SF014/2020	hCoV-19	EPI_ISL_403934	2020-01-15	SF	Guangdong	gisaid	genome
Guangdong/20SF025/2020	hCoV-19	EPI_ISL_403935	2020-01-15	SF	Guangdong	gisaid	genome
Guangdong/20SF028/2020	hCoV-19	EPI_ISL_403936	2020-01-17	SF	Guangdong	gisaid	genome
Guangdong/20SF040/2020	hCoV-19	EPI_ISL_403937	2020-01-18	SF	Guangdong	gisaid	genome
Wuhan/IPBCAMS-WH-03/2019	hCoV-19	EPI_ISL_403930	2019-12-30	IPBCAMS-WH	Wuhan	gisaid	genome
Wuhan/HBCDC-HB-01/2019	hCoV-19	EPI_ISL_402132	2019-12-30	HBCDC-HB	Wuhan	gisaid	genome
Zhejiang/WZ-01/2020	hCoV-19	EPI_ISL_404227	2020-01-16	WZ	Zhejiang	gisaid	genome
Zhejiang/WZ-02/2020	hCoV-19	EPI_ISL_404228	2020-01-17	WZ	Zhejiang	gisaid	genome
USA/WA1/2020	hCoV-19	EPI_ISL_404895	2020-01-19	WA	USA	gisaid	genome
Finland/1/2020	hCoV-19	EPI_ISL_407079	2020-01-29		Finland	gisaid	genome
Shenzhen/HKU-SZ-005/2020	hCoV-19	EPI_ISL_405839	2020-01-11	HKU-SZ	Shenzhen	gisaid	genome
Shenzhen/HKU-SZ-002/2020	hCoV-19	EPI_ISL_406030	2020-01-10	HKU-SZ	Shenzhen	gisaid	genome
USA/IL1/2020	hCoV-19	EPI_ISL_404253	2020-01-21	IL	USA	gisaid	genome
USA/CA1/2020	hCoV-19	EPI_ISL_406034	2020-01-23	CA	USA	gisaid	genome
USA/CA2/2020	hCoV-19	EPI_ISL_406036	2020-01-22	CA	USA	gisaid	genome
USA/AZ1/2020	hCoV-19	EPI_ISL_406223	2020-01-22	AZ	USA	gisaid	genome
Guangdong/20SF174/2020	hCoV-19	EPI_ISL_406531	2020-01-22	SF	Guangdong	gisaid	genome
Guangzhou/20SF206/2020	hCoV-19	EPI_ISL_406533	2020-01-22	SF	Guangzhou	gisaid	genome
Foshan/20SF207/2020	hCoV-19	EPI_ISL_406534	2020-01-22	SF	Foshan	gisaid	genome
Foshan/20SF210/2020	hCoV-19	EPI_ISL_406535	2020-01-22	SF	Foshan	gisaid	genome
Foshan/20SF211/2020	hCoV-19	EPI_ISL_406536	2020-01-22	SF	Foshan	gisaid	genome
Guangdong/20SF201/2020	hCoV-19	EPI_ISL_406538	2020-01-23	SF	Guangdong	gisaid	genome
Shenzhen/SZTH-002/2020	hCoV-19	EPI_ISL_406593	2020-01-13	SZTH	Shenzhen	gisaid	genome
Shenzhen/SZTH-003/2020	hCoV-19	EPI_ISL_406594	2020-01-16	SZTH	Shenzhen	gisaid	genome
France/IDF0373/2020	hCoV-19	EPI_ISL_406597	2020-01-23	IDF	France	gisaid	genome
France/IDF0372/2020	hCoV-19	EPI_ISL_406596	2020-01-23	IDF	France	gisaid	genome
Germany/BavPat1/2020	hCoV-19	EPI_ISL_406862	2020-01-28	BavPat	Germany	gisaid	genome
China/WHU01/2020	hCoV-19	EPI_ISL_406716	2020-01-02	WHU	China	gisaid	genome
China/WHU02/2020	hCoV-19	EPI_ISL_406717	2020-01-02	WHU	China	gisaid	genome
Wuhan/WH03/2020	hCoV-19	EPI_ISL_406800	2020-01-01	WH	Wuhan	gisaid	genome
Wuhan/WH04/2020	hCoV-19	EPI_ISL_406801	2020-01-05	WH	Wuhan	gisaid	genome
Hangzhou/HZ-1/2020	hCoV-19	EPI_ISL_406970	2020-01-20	HZ	Hangzhou	gisaid	genome
Singapore/1/2020	hCoV-19	EPI_ISL_406973	2020-01-23		Singapore	gisaid	genome
USA/WA1-A12/2020	hCoV-19	EPI_ISL_407214	2020-01-25	WA-A	USA	gisaid	genome
Hangzhou/HZCDC0001/2020	hCoV-19	EPI_ISL_407313	2020-01-19	HZCDC	Hangzhou	gisaid	genome
Australia/NSW01/2020	hCoV-19	EPI_ISL_407893	2020-01-24	NSW	Australia	gisaid	genome
Belgium/GHB-03021/2020	hCoV-19	EPI_ISL_407976	2020-02-03	GHB	Belgium	gisaid	genome
Singapore/3/2020	hCoV-19	EPI_ISL_407988	2020-02-01		Singapore	gisaid	genome
Singapore/2/2020	hCoV-19	EPI_ISL_407987	2020-01-25		Singapore	gisaid	genome
USA/CA5/2020	hCoV-19	EPI_ISL_408010	2020-01-29	CA	USA	gisaid	genome
USA/CA4/2020	hCoV-19	EPI_ISL_408009	2020-01-29	CA	USA	gisaid	genome
USA/CA3/2020	hCoV-19	EPI_ISL_408008	2020-01-29	CA	USA	gisaid	genome
France/IDF0515/2020	hCoV-19	EPI_ISL_408430	2020-01-29	IDF	France	gisaid	genome
Yunnan/IVDC-YN-003/2020	hCoV-19	EPI_ISL_408480	2020-01-17	IVDC-YN	Yunnan	gisaid	genome
Chongqing/IVDC-CQ-001/2020	hCoV-19	EPI_ISL_408481	2020-01-18	IVDC-CQ	Chongqing	gisaid	genome
Shandong/IVDC-SD-001/2020	hCoV-19	EPI_ISL_408482	2020-01-19	IVDC-SD	Shandong	gisaid	genome
Sichuan/IVDC-SC-001/2020	hCoV-19	EPI_ISL_408484	2020-01-15	IVDC-SC	Sichuan	gisaid	genome
Jiangxi/IVDC-JX-002/2020	hCoV-19	EPI_ISL_408486	2020-01-11	IVDC-JX	Jiangxi	gisaid	genome
Jiangsu/IVDC-JS-001/2020	hCoV-19	EPI_ISL_408488	2020-01-19	IVDC-JS	Jiangsu	gisaid	genome
Taiwan/NTU01/2020	hCoV-19	EPI_ISL_408489	2020-01-31	NTU	Taiwan	gisaid	genome
Japan/TY-WK-012/2020	hCoV-19	EPI_ISL_408665	2020-01-29	TY-WK	Japan	gisaid	genome
Japan/TY-WK-501/2020	hCoV-19	EPI_ISL_408666	2020-01-31	TY-WK	Japan	gisaid	genome
Japan/TY-WK-521/2020	hCoV-19	EPI_ISL_408667	2020-01-31	TY-WK	Japan	gisaid	genome
Japan/KY-V-029/2020	hCoV-19	EPI_ISL_408669	2020-01-29	KY-V	Japan	gisaid	genome
Wuhan/IPBCAMS-WH-02/2019	hCoV-19	EPI_ISL_403931	2019-12-30	IPBCAMS-WH	Wuhan	gisaid	genome
Wuhan/IPBCAMS-WH-04/2019	hCoV-19	EPI_ISL_403929	2019-12-30	IPBCAMS-WH	Wuhan	gisaid	genome
Wuhan/IPBCAMS-WH-05/2020	hCoV-19	EPI_ISL_403928	2020-01-01	IPBCAMS-WH	Wuhan	gisaid	genome
Shenzhen/SZTH-004/2020	hCoV-19	EPI_ISL_406595	2020-01-16	SZTH	Shenzhen	gisaid	genome
Taiwan/2/2020	hCoV-19	EPI_ISL_406031	2020-01-23		Taiwan	gisaid	genome
USA/IL2/2020	hCoV-19	EPI_ISL_410045	2020-01-28	IL	USA	gisaid	genome
USA/MA1/2020	hCoV-19	EPI_ISL_409067	2020-01-29	MA	USA	gisaid	genome
Chongqing/YC01/2020	hCoV-19	EPI_ISL_408478	2020-01-21	YC	Chongqing	gisaid	genome
Chongqing/ZX01/2020	hCoV-19	EPI_ISL_408479	2020-01-23	ZX	Chongqing	gisaid	genome
Nepal/61/2020	hCoV-19	EPI_ISL_410301	2020-01-13		Nepal	gisaid	genome
Japan/OS-20-07-1/2020	hCoV-19	EPI_ISL_410532	2020-01-23	OS	Japan	gisaid	genome
Japan/NA-20-05-1/2020	hCoV-19	EPI_ISL_410531	2020-01-25		Japan	gisaid	genome
Singapore/4/2020	hCoV-19	EPI_ISL_410535	2020-02-03		Singapore	gisaid	genome
Singapore/6/2020	hCoV-19	EPI_ISL_410537	2020-02-09		Singapore	gisaid	genome
Singapore/5/2020	hCoV-19	EPI_ISL_410536	2020-02-06		Singapore	gisaid	genome
USA/WA1-F6/2020	hCoV-19	EPI_ISL_407215	2020-01-25	WA-F	USA	gisaid	genome
Australia/QLD03/2020	hCoV-19	EPI_ISL_410717	2020-02-05	QLD	Australia	gisaid	genome
Australia/QLD04/2020	hCoV-19	EPI_ISL_410718	2020-02-05	QLD	Australia	gisaid	genome
Singapore/7/2020	hCoV-19	EPI_ISL_410713	2020-01-27		Singapore	gisaid	genome
Australia/QLD01/2020	hCoV-19	EPI_ISL_407894	2020-01-28	QLD	Australia	gisaid	genome
Australia/QLD02/2020	hCoV-19	EPI_ISL_407896	2020-01-30	QLD	Australia	gisaid	genome
Singapore/8/2020	hCoV-19	EPI_ISL_410714	2020-02-03		Singapore	gisaid	genome
Singapore/9/2020	hCoV-19	EPI_ISL_410715	2020-02-04		Singapore	gisaid	genome
Italy/INMI1-isl/2020	hCoV-19	EPI_ISL_410545	2020-01-29	INMI-isl	Italy	gisaid	genome
Italy/INMI1-cs/2020	hCoV-19	EPI_ISL_410546	2020-01-31	INMI-cs	Italy	gisaid	genome
France/IDF0372-isl/2020	hCoV-19	EPI_ISL_410720	2020-01-23	IDF-isl	France	gisaid	genome
France/IDF0515-isl/2020	hCoV-19	EPI_ISL_410984	2020-01-29	IDF-isl	France	gisaid	genome
Fujian/8/2020	hCoV-19	EPI_ISL_411060	2020-01-21		Fujian	gisaid	genome
Fujian/13/2020	hCoV-19	EPI_ISL_411066	2020-01-22		Fujian	gisaid	genome
France/IDF0571/2020	hCoV-19	EPI_ISL_411218	2020-02-02	IDF	France	gisaid	genome
France/IDF0386-islP1/2020	hCoV-19	EPI_ISL_411219	2020-01-28	IDF-islP	France	gisaid	genome
France/IDF0386-islP3/2020	hCoV-19	EPI_ISL_411220	2020-01-28	IDF-islP	France	gisaid	genome
Cambodia/0012/2020	hCoV-19	EPI_ISL_411902	2020-01-27		Cambodia	gisaid	genome
Taiwan/CGMH-CGU-01/2020	hCoV-19	EPI_ISL_411915	2020-01-25	CGMH-CGU	Taiwan	gisaid	genome
Taiwan/3/2020	hCoV-19	EPI_ISL_411926	2020-01-24		Taiwan	gisaid	genome
Taiwan/4/2020	hCoV-19	EPI_ISL_411927	2020-01-28		Taiwan	gisaid	genome
SouthKorea/KCDC03/2020	hCoV-19	EPI_ISL_407193	2020-01-25	KCDC	South Korea	gisaid	genome
Jiangsu/JS01/2020	hCoV-19	EPI_ISL_411950	2020-01-23	JS	Jiangsu	gisaid	genome
Jiangsu/JS03/2020	hCoV-19	EPI_ISL_411953	2020-01-24	JS	Jiangsu	gisaid	genome
Jiangsu/JS02/2020	hCoV-19	EPI_ISL_411952	2020-01-24	JS	Jiangsu	gisaid	genome
SouthKorea/SNU01/2020	hCoV-19	EPI_ISL_411929	2020-01	SNU	South Korea	gisaid	genome
USA/CA7/2020	hCoV-19	EPI_ISL_411954	2020-02-06	CA	USA	gisaid	genome
USA/CA8/2020	hCoV-19	EPI_ISL_411955	2020-02-10	CA	USA	gisaid	genome
USA/TX1/2020	hCoV-19	EPI_ISL_411956	2020-02-11	TX	USA	gisaid	genome
Sweden/01/2020	hCoV-19	EPI_ISL_411951	2020-02-07		Sweden	gisaid	genome
China/WH-09/2020	hCoV-19	EPI_ISL_411957	2020-01-08	WH	China	gisaid	genome
Hefei/2/2020	hCoV-19	EPI_ISL_412026	2020-02-23		Hefei	gisaid	genome
HongKong/VM20001061/2020	hCoV-19	EPI_ISL_412028	2020-01-22	VM	Hong Kong	gisaid	genome
HongKong/VB20026565/2020	hCoV-19	EPI_ISL_412030	2020-02-01	VB	Hong Kong	gisaid	genome
Vietnam/VR03-38142/2020	hCoV-19	EPI_ISL_408668	2020-01-24	VR	Vietnam	gisaid	genome
Jingzhou/HBCDC-HB-01/2020	hCoV-19	EPI_ISL_412459	2020-01-08	HBCDC-HB	Jingzhou	gisaid	genome
USA/CA9/2020	hCoV-19	EPI_ISL_412862	2020-02-23	CA	USA	gisaid	genome
Wuhan/HBCDC-HB-02/2019	hCoV-19	EPI_ISL_412898	2019-12-30	HBCDC-HB	Wuhan	gisaid	genome
Wuhan/HBCDC-HB-03/2019	hCoV-19	EPI_ISL_412899	2019-12-30	HBCDC-HB	Wuhan	gisaid	genome
Germany/Baden-Wuerttemberg-1/2020	hCoV-19	EPI_ISL_412912	2020-02-25	Baden-Wuerttemberg	Germany	gisaid	genome
China/IQTC01/2020	hCoV-19	EPI_ISL_412966	2020-02-05	IQTC	China	gisaid	genome
China/IQTC02/2020	hCoV-19	EPI_ISL_412967	2020-01-29	IQTC	China	gisaid	genome
Japan/Hu_DP_Kng_19-020/2020	hCoV-19	EPI_ISL_412968	2020-02-10	Hu_DP_Kng_	Japan	gisaid	genome
Japan/Hu_DP_Kng_19-027/2020	hCoV-19	EPI_ISL_412969	2020-02-10	Hu_DP_Kng_	Japan	gisaid	genome
USA/WA2/2020	hCoV-19	EPI_ISL_412970	2020-02-24	WA	USA	gisaid	genome
Italy/CDG1/2020	hCoV-19	EPI_ISL_412973	2020-02-20	CDG	Italy	gisaid	genome
Italy/SPL1/2020	hCoV-19	EPI_ISL_412974	2020-01-29	SPL	Italy	gisaid	genome
Australia/NSW05/2020	hCoV-19	EPI_ISL_412975	2020-02-28	NSW	Australia	gisaid	genome
Wuhan/HBCDC-HB-02/2020	hCoV-19	EPI_ISL_412978	2020-01-17	HBCDC-HB	Wuhan	gisaid	genome
Wuhan/HBCDC-HB-03/2020	hCoV-19	EPI_ISL_412979	2020-01-18	HBCDC-HB	Wuhan	gisaid	genome
Wuhan/HBCDC-HB-04/2020	hCoV-19	EPI_ISL_412980	2020-01-18	HBCDC-HB	Wuhan	gisaid	genome
Wuhan/HBCDC-HB-05/2020	hCoV-19	EPI_ISL_412981	2020-01-18	HBCDC-HB	Wuhan	gisaid	genome
Wuhan/HBCDC-HB-06/2020	hCoV-19	EPI_ISL_412982	2020-02-07	HBCDC-HB	Wuhan	gisaid	genome
Tianmen/HBCDC-HB-07/2020	hCoV-19	EPI_ISL_412983	2020-02-08	HBCDC-HB	Tianmen	gisaid	genome
Canada/ON-PHL2445/2020	hCoV-19	EPI_ISL_413014	2020-01-25	ON-PHL	Canada	gisaid	genome
SouthKorea/KUMC01/2020	hCoV-19	EPI_ISL_413017	2020-02-06	KUMC	South Korea	gisaid	genome
SouthKorea/KUMC02/2020	hCoV-19	EPI_ISL_413018	2020-02-06	KUMC	South Korea	gisaid	genome
Switzerland/1000477757/2020	hCoV-19	EPI_ISL_413021	2020-02-29		Switzerland	gisaid	genome
Switzerland/1000477796/2020	hCoV-19	EPI_ISL_413022	2020-02-29		Switzerland	gisaid	genome
Switzerland/1000477797/2020	hCoV-19	EPI_ISL_413023	2020-02-29		Switzerland	gisaid	genome
Switzerland/1000477806/2020	hCoV-19	EPI_ISL_413024	2020-02-29		Switzerland	gisaid	genome
Australia/NSW06/2020	hCoV-19	EPI_ISL_413213	2020-02-29	NSW	Australia	gisaid	genome
Australia/NSW07/2020	hCoV-19	EPI_ISL_413214	2020-02-29	NSW	Australia	gisaid	genome
USA/WA-S2/2020	hCoV-19	EPI_ISL_413456	2020-02-20	WA-S	USA	gisaid	genome
Japan/TK/20-31-3/2020	hCoV-19	EPI_ISL_413459	2020-02-20	TK	Japan	gisaid	genome
NewZealand/01/2020	hCoV-19	EPI_ISL_413490	2020-02-27		New Zealand	gisaid	genome
Italy/UniSR1/2020	hCoV-19	EPI_ISL_413489	2020-03-03	UniSR	Italy	gisaid	genome
Australia/VIC01/2020	hCoV-19	EPI_ISL_406844	2020-01-25	VIC	Australia	gisaid	genome
France/IDF0626/2020	hCoV-19	EPI_ISL_408431	2020-01-29	IDF	France	gisaid	genome
Taiwan/NTU02/2020	hCoV-19	EPI_ISL_410218	2020-02-05	NTU	Taiwan	gisaid	genome
Wuhan/WH01/2019	hCoV-19	EPI_ISL_406798	2019-12-26	WH	Wuhan	gisaid	genome
India/1-31/2020	hCoV-19	EPI_ISL_413523	2020-01-31		India	gisaid	genome
Wales/PHW1/2020	hCoV-19	EPI_ISL_413555	2020-02-27	PHW	Wales	gisaid	genome
Beijing/235/2020	hCoV-19	EPI_ISL_413521	2020-01-28		Beijing	gisaid	genome
Beijing/233/2020	hCoV-19	EPI_ISL_413520	2020-01-28		Beijing	gisaid	genome
Beijing/231/2020	hCoV-19	EPI_ISL_413519	2020-01-28		Beijing	gisaid	genome
Beijing/105/2020	hCoV-19	EPI_ISL_413518	2020-01-26		Beijing	gisaid	genome
SouthKorea/KUMC03/2020	hCoV-19	EPI_ISL_413513	2020-02-27	KUMC	South Korea	gisaid	genome
SouthKorea/KUMC04/2020	hCoV-19	EPI_ISL_413514	2020-02-27	KUMC	South Korea	gisaid	genome
SouthKorea/KUMC05/2020	hCoV-19	EPI_ISL_413515	2020-02-27	KUMC	South Korea	gisaid	genome
SouthKorea/KUMC06/2020	hCoV-19	EPI_ISL_413516	2020-02-27	KUMC	South Korea	gisaid	genome
Netherlands/Haarlem_1363688/2020	hCoV-19	EPI_ISL_413572	2020-03-01	Haarlem_	Netherlands	gisaid	genome
Netherlands/Blaricum_1364780/2020	hCoV-19	EPI_ISL_413566	2020-03-02	Blaricum_	Netherlands	gisaid	genome
Netherlands/Zeewolde_1365080/2020	hCoV-19	EPI_ISL_413591	2020-03-02	Zeewolde_	Netherlands	gisaid	genome
Netherlands/Utrecht_1363628/2020	hCoV-19	EPI_ISL_413589	2020-03-01	Utrecht_	Netherlands	gisaid	genome
Netherlands/Nootdorp_1364222/2020	hCoV-19	EPI_ISL_413579	2020-03-03	Nootdorp_	Netherlands	gisaid	genome
Netherlands/Tilburg_1364286/2020	hCoV-19	EPI_ISL_413587	2020-03-03	Tilburg_	Netherlands	gisaid	genome
Netherlands/Rotterdam_1364740/2020	hCoV-19	EPI_ISL_413584	2020-03-03	Rotterdam_	Netherlands	gisaid	genome
Australia/NSW08/2020	hCoV-19	EPI_ISL_413594	2020-02-28	NSW	Australia	gisaid	genome
Australia/NSW10/2020	hCoV-19	EPI_ISL_413596	2020-02-28	NSW	Australia	gisaid	genome
Australia/NSW11/2020	hCoV-19	EPI_ISL_413597	2020-03-02	NSW	Australia	gisaid	genome
Australia/NSW12/2020	hCoV-19	EPI_ISL_413598	2020-03-04	NSW	Australia	gisaid	genome
Australia/NSW13/2020	hCoV-19	EPI_ISL_413599	2020-03-04	NSW	Australia	gisaid	genome
Australia/NSW09/2020	hCoV-19	EPI_ISL_413595	2020-02-28	NSW	Australia	gisaid	genome
Australia/NSW14/2020	hCoV-19	EPI_ISL_413600	2020-03-03	NSW	Australia	gisaid	genome
Finland/FIN03032020C/2020	hCoV-19	EPI_ISL_413604	2020-03-03	FINC	Finland	gisaid	genome
Finland/FIN03032020B/2020	hCoV-19	EPI_ISL_413603	2020-03-03	FINB	Finland	gisaid	genome
Finland/FIN03032020A/2020	hCoV-19	EPI_ISL_413602	2020-03-03	FINA	Finland	gisaid	genome
USA/CruiseA-1/2020	hCoV-19	EPI_ISL_413606	2020-02-17	CruiseA	USA	gisaid	genome
USA/CruiseA-2/2020	hCoV-19	EPI_ISL_413607	2020-02-18	CruiseA	USA	gisaid	genome
USA/CruiseA-3/2020	hCoV-19	EPI_ISL_413608	2020-02-18	CruiseA	USA	gisaid	genome
USA/CruiseA-4/2020	hCoV-19	EPI_ISL_413609	2020-02-21	CruiseA	USA	gisaid	genome
USA/CruiseA-5/2020	hCoV-19	EPI_ISL_413610	2020-02-21	CruiseA	USA	gisaid	genome
USA/CruiseA-6/2020	hCoV-19	EPI_ISL_413611	2020-02-21	CruiseA	USA	gisaid	genome
USA/CruiseA-7/2020	hCoV-19	EPI_ISL_413612	2020-02-17	CruiseA	USA	gisaid	genome
USA/CruiseA-8/2020	hCoV-19	EPI_ISL_413613	2020-02-17	CruiseA	USA	gisaid	genome
USA/CruiseA-9/2020	hCoV-19	EPI_ISL_413614	2020-02-17	CruiseA	USA	gisaid	genome
USA/CruiseA-10/2020	hCoV-19	EPI_ISL_413615	2020-02-17	CruiseA	USA	gisaid	genome
USA/CruiseA-11/2020	hCoV-19	EPI_ISL_413616	2020-02-17	CruiseA	USA	gisaid	genome
USA/CruiseA-12/2020	hCoV-19	EPI_ISL_413617	2020-02-20	CruiseA	USA	gisaid	genome
USA/CruiseA-13/2020	hCoV-19	EPI_ISL_413618	2020-02-20	CruiseA	USA	gisaid	genome
USA/CruiseA-14/2020	hCoV-19	EPI_ISL_413619	2020-02-25	CruiseA	USA	gisaid	genome
USA/CruiseA-15/2020	hCoV-19	EPI_ISL_413620	2020-02-18	CruiseA	USA	gisaid	genome
USA/CruiseA-16/2020	hCoV-19	EPI_ISL_413621	2020-02-18	CruiseA	USA	gisaid	genome
USA/CruiseA-17/2020	hCoV-19	EPI_ISL_413622	2020-02-24	CruiseA	USA	gisaid	genome
Luxembourg/Lux1/2020	hCoV-19	EPI_ISL_413593	2020-02-29	Lux	Luxembourg	gisaid	genome
Portugal/CV63/2020	hCoV-19	EPI_ISL_413648	2020-03-01	CV	Portugal	gisaid	genome
Portugal/CV62/2020	hCoV-19	EPI_ISL_413647	2020-03-01	CV	Portugal	gisaid	genome
Switzerland/GE3895/2020	hCoV-19	EPI_ISL_413997	2020-02-26	GE	Switzerland	gisaid	genome
Switzerland/AG0361/2020	hCoV-19	EPI_ISL_413999	2020-02-27	AG	Switzerland	gisaid	genome
Brazil/SPBR-02/2020	hCoV-19	EPI_ISL_413016	2020-02-28	SPBR	Brazil	gisaid	genome
Switzerland/VD5615/2020	hCoV-19	EPI_ISL_414023	2020-03-01	VD	Switzerland	gisaid	genome
Switzerland/GE9586/2020	hCoV-19	EPI_ISL_414022	2020-02-27	GE	Switzerland	gisaid	genome
Switzerland/BL0902/2020	hCoV-19	EPI_ISL_414021	2020-02-27	BL	Switzerland	gisaid	genome
Switzerland/GE5373/2020	hCoV-19	EPI_ISL_414020	2020-02-27	GE	Switzerland	gisaid	genome
Switzerland/GE3121/2020	hCoV-19	EPI_ISL_414019	2020-02-27	GE	Switzerland	gisaid	genome
England/200940527/2020	hCoV-19	EPI_ISL_414005	2020-02-25		England	gisaid	genome
England/200990724/2020	hCoV-19	EPI_ISL_414006	2020-02-28		England	gisaid	genome
England/200990725/2020	hCoV-19	EPI_ISL_414007	2020-02-28		England	gisaid	genome
England/200960041/2020	hCoV-19	EPI_ISL_414008	2020-02-27		England	gisaid	genome
England/200960515/2020	hCoV-19	EPI_ISL_414009	2020-02-25		England	gisaid	genome
England/200990006/2020	hCoV-19	EPI_ISL_414011	2020-02-26		England	gisaid	genome
England/200990723/2020	hCoV-19	EPI_ISL_414012	2020-02-27		England	gisaid	genome
Switzerland/TI9486/2020	hCoV-19	EPI_ISL_413996	2020-02-24	TI	Switzerland	gisaid	genome
China/WF0001/2020	hCoV-19	EPI_ISL_413691	2020-01	WF	China	gisaid	genome
China/WF0002/2020	hCoV-19	EPI_ISL_413692	2020-01	WF	China	gisaid	genome
China/WF0003/2020	hCoV-19	EPI_ISL_413693	2020-01	WF	China	gisaid	genome
China/WF0004/2020	hCoV-19	EPI_ISL_413694	2020-01	WF	China	gisaid	genome
China/WF0012/2020	hCoV-19	EPI_ISL_413697	2020-02	WF	China	gisaid	genome
China/WF0014/2020	hCoV-19	EPI_ISL_413711	2020-02	WF	China	gisaid	genome
China/WF0015/2020	hCoV-19	EPI_ISL_413729	2020-02	WF	China	gisaid	genome
China/WF0018/2020	hCoV-19	EPI_ISL_413748	2020-02	WF	China	gisaid	genome
China/WF0019/2020	hCoV-19	EPI_ISL_413749	2020-02	WF	China	gisaid	genome
China/WF0020/2020	hCoV-19	EPI_ISL_413750	2020-02	WF	China	gisaid	genome
China/WF0026/2020	hCoV-19	EPI_ISL_413761	2020-02	WF	China	gisaid	genome
China/WF0028/2020	hCoV-19	EPI_ISL_413791	2020-02	WF	China	gisaid	genome
China/WF0029/2020	hCoV-19	EPI_ISL_413809	2020-02	WF	China	gisaid	genome
Guangdong/GD2020115-P0009/2020	hCoV-19	EPI_ISL_413884	2020-02-01	GD-P	Guangdong	gisaid	genome
Taiwan/NTU03/2020	hCoV-19	EPI_ISL_413592	2020-03-02	NTU	Taiwan	gisaid	genome
Wuhan/WIV04/2019	hCoV-19	EPI_ISL_402124	2019-12-30	WIV	Wuhan	gisaid	genome
Wuhan/IPBCAMS-WH-01/2019	hCoV-19	EPI_ISL_402123	2019-12-24	IPBCAMS-WH	Wuhan	gisaid	genome
Wuhan/IVDC-HB-04/2020	hCoV-19	EPI_ISL_402120	2020-01-01	IVDC-HB	Wuhan	gisaid	genome
Wuhan/IVDC-HB-01/2019	hCoV-19	EPI_ISL_402119	2019-12-30	IVDC-HB	Wuhan	gisaid	genome
Wuhan/IVDC-HB-05/2019	hCoV-19	EPI_ISL_402121	2019-12-30	IVDC-HB	Wuhan	gisaid	genome
Wuhan/WIV05/2019	hCoV-19	EPI_ISL_402128	2019-12-30	WIV	Wuhan	gisaid	genome
Wuhan-Hu-1/2019	hCoV-19	EPI_ISL_402125	2019-12-31	|EPI_ISL_|	Wuhan	gisaid	genome
Nonthaburi/61/2020	hCoV-19	EPI_ISL_403962	2020-01-08		Nonthaburi	gisaid	genome
Nonthaburi/74/2020	hCoV-19	EPI_ISL_403963	2020-01-13		Nonthaburi	gisaid	genome
Wuhan/WIV02/2019	hCoV-19	EPI_ISL_402127	2019-12-30	WIV	Wuhan	gisaid	genome
Australia/QLD09/2020	hCoV-19	EPI_ISL_414414	2020-02-29	QLD	Australia	gisaid	genome
USA/NY1-PV08001/2020	hCoV-19	EPI_ISL_414476	2020-02-29	NY-PV	USA	gisaid	genome
CzechRepublic/951/2020	hCoV-19	EPI_ISL_414477	2020-03-01		Czech Republic	gisaid	genome
USA/CruiseA-19/2020	hCoV-19	EPI_ISL_414479	2020-02-18	CruiseA	USA	gisaid	genome
USA/CruiseA-21/2020	hCoV-19	EPI_ISL_414480	2020-02-21	CruiseA	USA	gisaid	genome
USA/CruiseA-22/2020	hCoV-19	EPI_ISL_414481	2020-02-21	CruiseA	USA	gisaid	genome
USA/CruiseA-23/2020	hCoV-19	EPI_ISL_414482	2020-02-18	CruiseA	USA	gisaid	genome
USA/CruiseA-24/2020	hCoV-19	EPI_ISL_414483	2020-02-17	CruiseA	USA	gisaid	genome
USA/CruiseA-25/2020	hCoV-19	EPI_ISL_414484	2020-02-17	CruiseA	USA	gisaid	genome
USA/CruiseA-26/2020	hCoV-19	EPI_ISL_414485	2020-02-24	CruiseA	USA	gisaid	genome
USA/WA4-UW2/2020	hCoV-19	EPI_ISL_413455	2020-02-28	WA-UW	USA	gisaid	genome
USA/WA6-UW3/2020	hCoV-19	EPI_ISL_413457	2020-02-29	WA-UW	USA	gisaid	genome
USA/WA7-UW4/2020	hCoV-19	EPI_ISL_413458	2020-03-01	WA-UW	USA	gisaid	genome
USA/WA8-UW5/2020	hCoV-19	EPI_ISL_413486	2020-03-01	WA-UW	USA	gisaid	genome
USA/WA12-UW8/2020	hCoV-19	EPI_ISL_413563	2020-03-03	WA-UW	USA	gisaid	genome
USA/WA15-UW11/2020	hCoV-19	EPI_ISL_413650	2020-03-05	WA-UW	USA	gisaid	genome
USA/WA16-UW12/2020	hCoV-19	EPI_ISL_413651	2020-03-05	WA-UW	USA	gisaid	genome
USA/WA18-UW14/2020	hCoV-19	EPI_ISL_413653	2020-03-05	WA-UW	USA	gisaid	genome
USA/WA-UW18/2020	hCoV-19	EPI_ISL_414366	2020-03-05	WA-UW	USA	gisaid	genome
USA/WA-UW15/2020	hCoV-19	EPI_ISL_414363	2020-03-04	WA-UW	USA	gisaid	genome
USA/WA-UW21/2020	hCoV-19	EPI_ISL_414369	2020-03-05	WA-UW	USA	gisaid	genome
USA/WA-UW20/2020	hCoV-19	EPI_ISL_414368	2020-03-05	WA-UW	USA	gisaid	genome
USA/WA-UW19/2020	hCoV-19	EPI_ISL_414367	2020-03-05	WA-UW	USA	gisaid	genome
England/01/2020	hCoV-19	EPI_ISL_407071	2020-01-29		England	gisaid	genome
England/02/2020	hCoV-19	EPI_ISL_407073	2020-01-29		England	gisaid	genome
England/Sheff01/2020	hCoV-19	EPI_ISL_414500	2020-03-04	Sheff	England	gisaid	genome
China/WF0016/2020	hCoV-19	EPI_ISL_413746	2020-02	WF	China	gisaid	genome
Germany/NRW-011/2020	hCoV-19	EPI_ISL_414507	2020-03-03	NRW	Germany	gisaid	genome
HongKong/VB20024950/2020	hCoV-19	EPI_ISL_412029	2020-01-30	VB	Hong Kong	gisaid	genome
Shanghai/SH01/2020	hCoV-19	EPI_ISL_414510	2020-02-02	SH	Shanghai	gisaid	genome
Japan/TKYE6182/2020	hCoV-19	EPI_ISL_414511	2020-01	TKYE	Japan	gisaid	genome
HongKong/case90_VM20002907/2020	hCoV-19	EPI_ISL_414517	2020-02-25	case_VM	Hong Kong	gisaid	genome
HongKong/case85_VM20002868/2020	hCoV-19	EPI_ISL_414519	2020-02-24	case_VM	Hong Kong	gisaid	genome
SouthKorea/KCDC24/2020	hCoV-19	EPI_ISL_412873	2020-02-06	KCDC	South Korea	gisaid	genome
SouthKorea/KCDC12/2020	hCoV-19	EPI_ISL_412872	2020-02-01	KCDC	South Korea	gisaid	genome
SouthKorea/KCDC07/2020	hCoV-19	EPI_ISL_412871	2020-01-31	KCDC	South Korea	gisaid	genome
SouthKorea/KCDC06/2020	hCoV-19	EPI_ISL_412870	2020-01-30	KCDC	South Korea	gisaid	genome
SouthKorea/KCDC05/2020	hCoV-19	EPI_ISL_412869	2020-01-30	KCDC	South Korea	gisaid	genome
England/200990002/2020	hCoV-19	EPI_ISL_414522	2020-02-28		England	gisaid	genome
England/200990660/2020	hCoV-19	EPI_ISL_414523	2020-02-27		England	gisaid	genome
England/200991076/2020	hCoV-19	EPI_ISL_414524	2020-03-01		England	gisaid	genome
England/201040081/2020	hCoV-19	EPI_ISL_414525	2020-03-02		England	gisaid	genome
England/201040141/2020	hCoV-19	EPI_ISL_414526	2020-03-03		England	gisaid	genome
Netherlands/ZuidHolland_24/2020	hCoV-19	EPI_ISL_414566	2020-03-06	ZuidHolland_	Netherlands	gisaid	genome
Netherlands/ZuidHolland_22/2020	hCoV-19	EPI_ISL_414564	2020-03-08	ZuidHolland_	Netherlands	gisaid	genome
Netherlands/ZuidHolland_20/2020	hCoV-19	EPI_ISL_414562	2020-03-03	ZuidHolland_	Netherlands	gisaid	genome
Netherlands/ZuidHolland_23/2020	hCoV-19	EPI_ISL_414565	2020-03-09	ZuidHolland_	Netherlands	gisaid	genome
Netherlands/ZuidHolland_21/2020	hCoV-19	EPI_ISL_414563	2020-03-03	ZuidHolland_	Netherlands	gisaid	genome
Netherlands/ZuidHolland_19/2020	hCoV-19	EPI_ISL_414561	2020-03-05	ZuidHolland_	Netherlands	gisaid	genome
Netherlands/ZuidHolland_18/2020	hCoV-19	EPI_ISL_414560	2020-03-03	ZuidHolland_	Netherlands	gisaid	genome
Germany/BavPat3/2020	hCoV-19	EPI_ISL_414521	2020-03-02	BavPat	Germany	gisaid	genome
Netherlands/ZuidHolland_17/2020	hCoV-19	EPI_ISL_414559	2020-03-07	ZuidHolland_	Netherlands	gisaid	genome
Netherlands/ZuidHolland_16/2020	hCoV-19	EPI_ISL_414558	2020-03-06	ZuidHolland_	Netherlands	gisaid	genome
Netherlands/ZuidHolland_15/2020	hCoV-19	EPI_ISL_414557	2020-03-08	ZuidHolland_	Netherlands	gisaid	genome
Germany/BavPat2/2020	hCoV-19	EPI_ISL_414520	2020-03-02	BavPat	Germany	gisaid	genome
Netherlands/ZuidHolland_2/2020	hCoV-19	EPI_ISL_414556	2020-03-06	ZuidHolland_	Netherlands	gisaid	genome
Netherlands/Utrecht_16/2020	hCoV-19	EPI_ISL_414555	2020-03-08	Utrecht_	Netherlands	gisaid	genome
Netherlands/Utrecht_14/2020	hCoV-19	EPI_ISL_414553	2020-03-09	Utrecht_	Netherlands	gisaid	genome
Netherlands/Utrecht_15/2020	hCoV-19	EPI_ISL_414554	2020-03-08	Utrecht_	Netherlands	gisaid	genome
Netherlands/Utrecht_13/2020	hCoV-19	EPI_ISL_414552	2020-03-07	Utrecht_	Netherlands	gisaid	genome
Netherlands/Overijssel_2/2020	hCoV-19	EPI_ISL_414550	2020-03-06	Overijssel_	Netherlands	gisaid	genome
Netherlands/Utrecht_12/2020	hCoV-19	EPI_ISL_414551	2020-03-07	Utrecht_	Netherlands	gisaid	genome
Netherlands/NoordHolland_2/2020	hCoV-19	EPI_ISL_414549	2020-03-03	NoordHolland_	Netherlands	gisaid	genome
Netherlands/NoordBrabant_39/2020	hCoV-19	EPI_ISL_414548	2020-03-04	NoordBrabant_	Netherlands	gisaid	genome
Netherlands/NoordBrabant_38/2020	hCoV-19	EPI_ISL_414547	2020-03-06	NoordBrabant_	Netherlands	gisaid	genome
Netherlands/NoordBrabant_37/2020	hCoV-19	EPI_ISL_414546	2020-03-06	NoordBrabant_	Netherlands	gisaid	genome
Netherlands/NoordBrabant_36/2020	hCoV-19	EPI_ISL_414545	2020-03-03	NoordBrabant_	Netherlands	gisaid	genome
Netherlands/NoordBrabant_35/2020	hCoV-19	EPI_ISL_414544	2020-03-09	NoordBrabant_	Netherlands	gisaid	genome
Netherlands/NoordBrabant_34/2020	hCoV-19	EPI_ISL_414543	2020-03	NoordBrabant_	Netherlands	gisaid	genome
Netherlands/NoordBrabant_33/2020	hCoV-19	EPI_ISL_414542	2020-03	NoordBrabant_	Netherlands	gisaid	genome
Netherlands/NoordBrabant_31/2020	hCoV-19	EPI_ISL_414540	2020-03-08	NoordBrabant_	Netherlands	gisaid	genome
Netherlands/NoordBrabant_32/2020	hCoV-19	EPI_ISL_414541	2020-03-08	NoordBrabant_	Netherlands	gisaid	genome
Netherlands/NoordBrabant_30/2020	hCoV-19	EPI_ISL_414539	2020-03-08	NoordBrabant_	Netherlands	gisaid	genome
Netherlands/NoordBrabant_29/2020	hCoV-19	EPI_ISL_414538	2020-03-08	NoordBrabant_	Netherlands	gisaid	genome
Netherlands/NoordBrabant_28/2020	hCoV-19	EPI_ISL_414537	2020-03-08	NoordBrabant_	Netherlands	gisaid	genome
Netherlands/NoordBrabant_27/2020	hCoV-19	EPI_ISL_414536	2020-03-08	NoordBrabant_	Netherlands	gisaid	genome
Netherlands/NoordBrabant_24/2020	hCoV-19	EPI_ISL_414533	2020-03-06	NoordBrabant_	Netherlands	gisaid	genome
Netherlands/NoordBrabant_26/2020	hCoV-19	EPI_ISL_414535	2020-03-06	NoordBrabant_	Netherlands	gisaid	genome
Netherlands/NoordBrabant_25/2020	hCoV-19	EPI_ISL_414534	2020-03-06	NoordBrabant_	Netherlands	gisaid	genome
Netherlands/NoordBrabant_23/2020	hCoV-19	EPI_ISL_414532	2020-03-05	NoordBrabant_	Netherlands	gisaid	genome
Netherlands/NoordBrabant_22/2020	hCoV-19	EPI_ISL_414531	2020-03-04	NoordBrabant_	Netherlands	gisaid	genome
Netherlands/NoordBrabant_21/2020	hCoV-19	EPI_ISL_414530	2020-03-04	NoordBrabant_	Netherlands	gisaid	genome
Netherlands/NoordBrabant_20/2020	hCoV-19	EPI_ISL_414529	2020-03-04	NoordBrabant_	Netherlands	gisaid	genome
HongKong/case78_VM20002849/2020	hCoV-19	EPI_ISL_414571	2020-02-22	case_VM	Hong Kong	gisaid	genome
HongKong/case52_VM20002582/2020	hCoV-19	EPI_ISL_414569	2020-02-12	case_VM	Hong Kong	gisaid	genome
HongKong/case48_VM20002507/2020	hCoV-19	EPI_ISL_414528	2020-02-10	case_VM	Hong Kong	gisaid	genome
HongKong/case42_VM20002493/2020	hCoV-19	EPI_ISL_414527	2020-02-09	case_VM	Hong Kong	gisaid	genome
Chile/Talca-1/2020	hCoV-19	EPI_ISL_414577	2020-03-02	Talca	Chile	gisaid	genome
Chile/Santiago-2/2020	hCoV-19	EPI_ISL_414580	2020-03-05	Santiago	Chile	gisaid	genome
USA/MN1-MDH1/2020	hCoV-19	EPI_ISL_414588	2020-03-05	MN-MDH	USA	gisaid	genome
USA/MN2-MDH2/2020	hCoV-19	EPI_ISL_414589	2020-03-07	MN-MDH	USA	gisaid	genome
USA/MN3-MDH3/2020	hCoV-19	EPI_ISL_414590	2020-03-09	MN-MDH	USA	gisaid	genome
Ireland/Limerick-19933/2020	hCoV-19	EPI_ISL_414585	2020-03-03	Limerick	Ireland	gisaid	genome
Ireland/Dublin-19072/2020	hCoV-19	EPI_ISL_414584	2020-03-02	Dublin	Ireland	gisaid	genome
Ireland/Limerick-19934/2020	hCoV-19	EPI_ISL_414586	2020-03-03	Limerick	Ireland	gisaid	genome
Ireland/Limerick-19935/2020	hCoV-19	EPI_ISL_414587	2020-03-03	Limerick	Ireland	gisaid	genome
Germany/NRW-10/2020	hCoV-19	EPI_ISL_414574	2020-02-28	NRW	Germany	gisaid	genome
Germany/NRW-09/2020	hCoV-19	EPI_ISL_414509	2020-02-28	NRW	Germany	gisaid	genome
Germany/NRW-08/2020	hCoV-19	EPI_ISL_414508	2020-02-27	NRW	Germany	gisaid	genome
Germany/NRW-07/2020	hCoV-19	EPI_ISL_414506	2020-02-27	NRW	Germany	gisaid	genome
Germany/NRW-05/2020	hCoV-19	EPI_ISL_414504	2020-02-26	NRW	Germany	gisaid	genome
Germany/NRW-01/2020	hCoV-19	EPI_ISL_413488	2020-02-28	NRW	Germany	gisaid	genome
Germany/NRW-06/2020	hCoV-19	EPI_ISL_414505	2020-02-27	NRW	Germany	gisaid	genome
Chile/Talca-2/2020	hCoV-19	EPI_ISL_414578	2020-03-04	Talca	Chile	gisaid	genome
Chile/Santiago-1/2020	hCoV-19	EPI_ISL_414579	2020-03-03	Santiago	Chile	gisaid	genome
USA/WA-UW28/2020	hCoV-19	EPI_ISL_414597	2020-03-04	WA-UW	USA	gisaid	genome
USA/WA-UW22/2020	hCoV-19	EPI_ISL_414591	2020-03-06	WA-UW	USA	gisaid	genome
USA/WA-UW23/2020	hCoV-19	EPI_ISL_414592	2020-03-06	WA-UW	USA	gisaid	genome
USA/WA-UW24/2020	hCoV-19	EPI_ISL_414593	2020-03-05	WA-UW	USA	gisaid	genome
USA/WA-UW25/2020	hCoV-19	EPI_ISL_414594	2020-03-05	WA-UW	USA	gisaid	genome
USA/WA-UW26/2020	hCoV-19	EPI_ISL_414595	2020-03-05	WA-UW	USA	gisaid	genome
USA/WA-UW27/2020	hCoV-19	EPI_ISL_414596	2020-03-04	WA-UW	USA	gisaid	genome
Ireland/COR-20134/2020	hCoV-19	EPI_ISL_414487	2020-03-04	COR	Ireland	gisaid	genome
Spain/Valencia3/2020	hCoV-19	EPI_ISL_414598	2020-03-05	Valencia	Spain	gisaid	genome
USA/WA-UW29/2020	hCoV-19	EPI_ISL_414616	2020-03-08	WA-UW	USA	gisaid	genome
USA/WA-UW34/2020	hCoV-19	EPI_ISL_414621	2020-03-08	WA-UW	USA	gisaid	genome
USA/WA-UW35/2020	hCoV-19	EPI_ISL_414622	2020-03-08	WA-UW	USA	gisaid	genome
France/HF1871/2020	hCoV-19	EPI_ISL_414630	2020-03-03	HF	France	gisaid	genome
France/HF1870/2020	hCoV-19	EPI_ISL_414629	2020-03-03	HF	France	gisaid	genome
France/HF1805/2020	hCoV-19	EPI_ISL_414628	2020-03-02	HF	France	gisaid	genome
France/HF1795/2020	hCoV-19	EPI_ISL_414627	2020-03-02	HF	France	gisaid	genome
France/GE1973/2020	hCoV-19	EPI_ISL_414631	2020-03-04	GE	France	gisaid	genome
France/GE1977/2020	hCoV-19	EPI_ISL_414632	2020-03-04	GE	France	gisaid	genome
France/IDF1980/2020	hCoV-19	EPI_ISL_414633	2020-03-04	IDF	France	gisaid	genome
France/HF1986/2020	hCoV-19	EPI_ISL_414634	2020-03-04	HF	France	gisaid	genome
France/HF1988/2020	hCoV-19	EPI_ISL_414635	2020-03-04	HF	France	gisaid	genome
France/HF1993/2020	hCoV-19	EPI_ISL_414637	2020-03-04	HF	France	gisaid	genome
France/HF1989/2020	hCoV-19	EPI_ISL_414636	2020-03-04	HF	France	gisaid	genome
France/HF1995/2020	hCoV-19	EPI_ISL_414638	2020-03-04	HF	France	gisaid	genome
Brazil-RJ/314/2020	hCoV-19	EPI_ISL_414045	2020-03-04		Brazil	gisaid	genome
Finland/FIN-313/2020	hCoV-19	EPI_ISL_414641	2020-03-05	FIN	Finland	gisaid	genome
Finland/FIN-455/2020	hCoV-19	EPI_ISL_414642	2020-03-08	FIN	Finland	gisaid	genome
Finland/FIN-508/2020	hCoV-19	EPI_ISL_414643	2020-03-07	FIN	Finland	gisaid	genome
Finland/FIN-266/2020	hCoV-19	EPI_ISL_414646	2020-03-04	FIN	Finland	gisaid	genome
Finland/FIN-114/2020	hCoV-19	EPI_ISL_414640	2020-03-01	FIN	Finland	gisaid	genome
Finland/FIN-274/2020	hCoV-19	EPI_ISL_414645	2020-03-04	FIN	Finland	gisaid	genome
Finland/FIN-318/2020	hCoV-19	EPI_ISL_414644	2020-03-04	FIN	Finland	gisaid	genome
USA/WA-UW30/2020	hCoV-19	EPI_ISL_414617	2020-03-08	WA-UW	USA	gisaid	genome
USA/WA-UW31/2020	hCoV-19	EPI_ISL_414618	2020-03-08	WA-UW	USA	gisaid	genome
USA/WA-UW32/2020	hCoV-19	EPI_ISL_414619	2020-03-07	WA-UW	USA	gisaid	genome
USA/WA-UW33/2020	hCoV-19	EPI_ISL_414620	2020-03-08	WA-UW	USA	gisaid	genome
Congo/KN-13/2020	hCoV-19	EPI_ISL_414647	2020-03-09	KN	Congo	gisaid	genome
USA/CA-PC101P/2020	hCoV-19	EPI_ISL_414648	2020-03-11	CA-PCP	USA	gisaid	genome
France/HF1684/2020	hCoV-19	EPI_ISL_414626	2020-02-29	HF	France	gisaid	genome
France/PL1643/2020	hCoV-19	EPI_ISL_414625	2020-02-26	PL	France	gisaid	genome
France/N1620/2020	hCoV-19	EPI_ISL_414601	2020-02-27	N	France	gisaid	genome
France/GE1583/2020	hCoV-19	EPI_ISL_414600	2020-02-26	GE	France	gisaid	genome
USA/NY-NYUMC1/2020	hCoV-19	EPI_ISL_414639	2020-03-04	NY-NYUMC	USA	gisaid	genome
Guangzhou/GZMU0014/2020	hCoV-19	EPI_ISL_414692	2020-02-25	GZMU	Guangzhou	gisaid	genome
Guangzhou/GZMU0048/2020	hCoV-19	EPI_ISL_414691	2020-02-25	GZMU	Guangzhou	gisaid	genome
Guangzhou/GZMU0044/2020	hCoV-19	EPI_ISL_414689	2020-02-25	GZMU	Guangzhou	gisaid	genome
Guangzhou/GZMU0042/2020	hCoV-19	EPI_ISL_414688	2020-02-25	GZMU	Guangzhou	gisaid	genome
Guangzhou/GZMU0031/2020	hCoV-19	EPI_ISL_414687	2020-02-25	GZMU	Guangzhou	gisaid	genome
Guangzhou/GZMU0030/2020	hCoV-19	EPI_ISL_414686	2020-02-27	GZMU	Guangzhou	gisaid	genome
Shandong/LY006/2020	hCoV-19	EPI_ISL_414939	2020-01-25	LY	Shandong	gisaid	genome
Shandong/LY008/2020	hCoV-19	EPI_ISL_414941	2020-01-30	LY	Shandong	gisaid	genome
Shandong/LY007/2020	hCoV-19	EPI_ISL_414940	2020-01-25	LY	Shandong	gisaid	genome
Shandong/LY005/2020	hCoV-19	EPI_ISL_414938	2020-01-24	LY	Shandong	gisaid	genome
Shandong/LY002/2020	hCoV-19	EPI_ISL_414935	2020-01-21	LY	Shandong	gisaid	genome
Shandong/LY001/2020	hCoV-19	EPI_ISL_414934	2020-01-21	LY	Shandong	gisaid	genome
Shandong/LY004/2020	hCoV-19	EPI_ISL_414937	2020-01-26	LY	Shandong	gisaid	genome
Shandong/LY003/2020	hCoV-19	EPI_ISL_414936	2020-01-23	LY	Shandong	gisaid	genome
NorthernIreland/HSCNI01/2020	hCoV-19	EPI_ISL_414949	2020-02-26	HSCNI	Northern Ireland	gisaid	genome
Wales/PHW04/2020	hCoV-19	EPI_ISL_415041	2020-03-07	PHW	Wales	gisaid	genome
Panama/328677/2020	hCoV-19	EPI_ISL_415152	2020-03-06		Panama	gisaid	genome
Belgium/VLM-03011/2020	hCoV-19	EPI_ISL_415153	2020-03-03	VLM	Belgium	gisaid	genome
Belgium/BM-03012/2020	hCoV-19	EPI_ISL_415154	2020-03-01	BM	Belgium	gisaid	genome
Belgium/VAG-03013/2020	hCoV-19	EPI_ISL_415155	2020-03-01	VAG	Belgium	gisaid	genome
Belgium/SH-03014/2020	hCoV-19	EPI_ISL_415156	2020-03-01	SH	Belgium	gisaid	genome
Belgium/BC-03016/2020	hCoV-19	EPI_ISL_415157	2020-03-01	BC	Belgium	gisaid	genome
Belgium/QKJ-03015/2020	hCoV-19	EPI_ISL_415158	2020-03-01	QKJ	Belgium	gisaid	genome
USA/NY2-PV08100/2020	hCoV-19	EPI_ISL_415151	2020-03-04	NY-PV	USA	gisaid	genome
Brazil/ES-225/2020	hCoV-19	EPI_ISL_415128	2020-02-29	ES	Brazil	gisaid	genome
Belgium/BA-02291/2020	hCoV-19	EPI_ISL_415159	2020-02-29	BA	Belgium	gisaid	genome
England/20099038206/2020	hCoV-19	EPI_ISL_415129	2020-02-29		England	gisaid	genome
England/20099079106/2020	hCoV-19	EPI_ISL_415130	2020-03-01		England	gisaid	genome
England/20099107406/2020	hCoV-19	EPI_ISL_415131	2020-02-29		England	gisaid	genome
England/20100001406/2020	hCoV-19	EPI_ISL_415132	2020-02-28		England	gisaid	genome
England/20100004706/2020	hCoV-19	EPI_ISL_415133	2020-02-29		England	gisaid	genome
England/20100004806/2020	hCoV-19	EPI_ISL_415134	2020-02-29		England	gisaid	genome
England/20100005406/2020	hCoV-19	EPI_ISL_415135	2020-02-28		England	gisaid	genome
England/20100022706/2020	hCoV-19	EPI_ISL_415136	2020-02-29		England	gisaid	genome
England/20100023206/2020	hCoV-19	EPI_ISL_415137	2020-03-02		England	gisaid	genome
England/20110003506/2020	hCoV-19	EPI_ISL_415150	2020-03-09		England	gisaid	genome
England/20102068506/2020	hCoV-19	EPI_ISL_415149	2020-03-01		England	gisaid	genome
England/20102000906/2020	hCoV-19	EPI_ISL_415148	2020-03-03		England	gisaid	genome
England/20102000506/2020	hCoV-19	EPI_ISL_415147	2020-03-01		England	gisaid	genome
England/20102000306/2020	hCoV-19	EPI_ISL_415146	2020-03-01		England	gisaid	genome
England/20102000206/2020	hCoV-19	EPI_ISL_415145	2020-03-01		England	gisaid	genome
England/20102000106/2020	hCoV-19	EPI_ISL_415144	2020-02-27		England	gisaid	genome
England/20100122107/2020	hCoV-19	EPI_ISL_415143	2020-03-02		England	gisaid	genome
England/20100122106/2020	hCoV-19	EPI_ISL_415142	2020-03-02		England	gisaid	genome
England/20100121007/2020	hCoV-19	EPI_ISL_415141	2020-02-29		England	gisaid	genome
England/20100121006/2020	hCoV-19	EPI_ISL_415140	2020-02-29		England	gisaid	genome
England/20100077906/2020	hCoV-19	EPI_ISL_415139	2020-03-01		England	gisaid	genome
England/20100024006/2020	hCoV-19	EPI_ISL_415138	2020-03-02		England	gisaid	genome
Brazil/BA-312/2020	hCoV-19	EPI_ISL_415105	2020-03-04	BA	Brazil	gisaid	genome
Guangzhou/GZMU0016/2020	hCoV-19	EPI_ISL_414663	2020-02-25	GZMU	Guangzhou	gisaid	genome
Wales/PHW10/2020	hCoV-19	EPI_ISL_415453	2020-03-10	PHW	Wales	gisaid	genome
Switzerland/AG7120/2020	hCoV-19	EPI_ISL_415457	2020-02-29	AG	Switzerland	gisaid	genome
Switzerland/GE1422/2020	hCoV-19	EPI_ISL_415454	2020-02-28	GE	Switzerland	gisaid	genome
Switzerland/BE6651/2020	hCoV-19	EPI_ISL_415456	2020-02-29	BE	Switzerland	gisaid	genome
Switzerland/GE8102/2020	hCoV-19	EPI_ISL_415458	2020-03-01	GE	Switzerland	gisaid	genome
Switzerland/VD0503/2020	hCoV-19	EPI_ISL_415459	2020-02-29	VD	Switzerland	gisaid	genome
Wales/PHW12/2020	hCoV-19	EPI_ISL_415536	2020-03-10	PHW	Wales	gisaid	genome
Netherlands/ZuidHolland/31/2020	hCoV-19	EPI_ISL_415535	2020-03-12	ZuidHolland	Netherlands	gisaid	genome
Netherlands/ZuidHolland/30/2020	hCoV-19	EPI_ISL_415534	2020-03-11	ZuidHolland	Netherlands	gisaid	genome
Netherlands/ZuidHolland/29/2020	hCoV-19	EPI_ISL_415533	2020-03-09	ZuidHolland	Netherlands	gisaid	genome
Netherlands/ZuidHolland/28/2020	hCoV-19	EPI_ISL_415532	2020-03-09	ZuidHolland	Netherlands	gisaid	genome
Netherlands/ZuidHolland/27/2020	hCoV-19	EPI_ISL_415531	2020-03-09	ZuidHolland	Netherlands	gisaid	genome
Netherlands/ZuidHolland/26/2020	hCoV-19	EPI_ISL_415530	2020-03-09	ZuidHolland	Netherlands	gisaid	genome
Netherlands/ZuidHolland/25/2020	hCoV-19	EPI_ISL_415529	2020-03-09	ZuidHolland	Netherlands	gisaid	genome
Netherlands/Utrecht/19/2020	hCoV-19	EPI_ISL_415528	2020-03-12	Utrecht	Netherlands	gisaid	genome
Netherlands/Utrecht/18/2020	hCoV-19	EPI_ISL_415527	2020-03-12	Utrecht	Netherlands	gisaid	genome
Netherlands/Utrecht/17/2020	hCoV-19	EPI_ISL_415526	2020-03-10	Utrecht	Netherlands	gisaid	genome
Netherlands/NoordHolland/3/2020	hCoV-19	EPI_ISL_415525	2020-03-12	NoordHolland	Netherlands	gisaid	genome
Netherlands/NoordBrabant/68/2020	hCov-19	EPI_ISL_415524	2020-03-12	NoordBrabant	Netherlands	gisaid	genome
Netherlands/NoordBrabant/67/2020	hCov-19	EPI_ISL_415523	2020	NoordBrabant	Netherlands	gisaid	genome
Netherlands/NoordBrabant/66/2020	hCov-19	EPI_ISL_415522	2020	NoordBrabant	Netherlands	gisaid	genome
Netherlands/NoordBrabant/65/2020	hCov-19	EPI_ISL_415521	2020	NoordBrabant	Netherlands	gisaid	genome
Netherlands/NoordBrabant/64/2020	hCov-19	EPI_ISL_415520	2020	NoordBrabant	Netherlands	gisaid	genome
Netherlands/NoordBrabant/63/2020	hCov-19	EPI_ISL_415519	2020	NoordBrabant	Netherlands	gisaid	genome
Netherlands/NoordBrabant/62/2020	hCov-19	EPI_ISL_415518	2020	NoordBrabant	Netherlands	gisaid	genome
Netherlands/NoordBrabant/61/2020	hCov-19	EPI_ISL_415517	2020	NoordBrabant	Netherlands	gisaid	genome
Netherlands/NoordBrabant/60/2020	hCov-19	EPI_ISL_415516	2020-03-11	NoordBrabant	Netherlands	gisaid	genome
Netherlands/NoordBrabant/59/2020	hCov-19	EPI_ISL_415515	2020-03-11	NoordBrabant	Netherlands	gisaid	genome
Netherlands/NoordBrabant/58/2020	hCov-19	EPI_ISL_415514	2020-03-11	NoordBrabant	Netherlands	gisaid	genome
Netherlands/NoordBrabant/57/2020	hCov-19	EPI_ISL_415513	2020-03-11	NoordBrabant	Netherlands	gisaid	genome
Netherlands/NoordBrabant/56/2020	hCov-19	EPI_ISL_415512	2020-03-09	NoordBrabant	Netherlands	gisaid	genome
Netherlands/NoordBrabant/55/2020	hCov-19	EPI_ISL_415511	2020-03-09	NoordBrabant	Netherlands	gisaid	genome
Netherlands/NoordBrabant/54/2020	hCov-19	EPI_ISL_415510	2020-03-09	NoordBrabant	Netherlands	gisaid	genome
Netherlands/NoordBrabant/53/2020	hCov-19	EPI_ISL_415509	2020	NoordBrabant	Netherlands	gisaid	genome
Netherlands/NoordBrabant/52/2020	hCov-19	EPI_ISL_415508	2020-03-09	NoordBrabant	Netherlands	gisaid	genome
Netherlands/NoordBrabant/51/2020	hCov-19	EPI_ISL_415507	2020	NoordBrabant	Netherlands	gisaid	genome
Netherlands/NoordBrabant/49/2020	hCov-19	EPI_ISL_415506	2020-03-11	NoordBrabant	Netherlands	gisaid	genome
Netherlands/NoordBrabant/48/2020	hCov-19	EPI_ISL_415505	2020-03-11	NoordBrabant	Netherlands	gisaid	genome
Netherlands/NoordBrabant/47/2020	hCov-19	EPI_ISL_415504	2020-03-09	NoordBrabant	Netherlands	gisaid	genome
Netherlands/NoordBrabant/46/2020	hCov-19	EPI_ISL_415503	2020-03-11	NoordBrabant	Netherlands	gisaid	genome
Netherlands/NoordBrabant/45/2020	hCov-19	EPI_ISL_415502	2020-03-09	NoordBrabant	Netherlands	gisaid	genome
Netherlands/NoordBrabant/44/2020	hCov-19	EPI_ISL_415501	2020-03-11	NoordBrabant	Netherlands	gisaid	genome
Netherlands/NoordBrabant/42/2020	hCov-19	EPI_ISL_415500	2020-03-10	NoordBrabant	Netherlands	gisaid	genome
Netherlands/NoordBrabant/41/2020	hCov-19	EPI_ISL_415499	2020	NoordBrabant	Netherlands	gisaid	genome
Netherlands/NA/9/2020	hCov-19	EPI_ISL_415498	2020-03-09		Netherlands	gisaid	genome
Netherlands/NA/8/2020	hCov-19	EPI_ISL_415497	2020-03-09		Netherlands	gisaid	genome
Netherlands/NA/7/2020	hCov-19	EPI_ISL_415496	2020-03-09		Netherlands	gisaid	genome
Netherlands/NA/6/2020	hCov-19	EPI_ISL_415495	2020-03-10		Netherlands	gisaid	genome
Netherlands/NA/5/2020	hCov-19	EPI_ISL_415494	2020		Netherlands	gisaid	genome
Netherlands/NA/4/2020	hCov-19	EPI_ISL_415493	2020		Netherlands	gisaid	genome
Netherlands/NA/35/2020	hCov-19	EPI_ISL_415492	2020-03-10		Netherlands	gisaid	genome
Netherlands/NA/34/2020	hCov-19	EPI_ISL_415491	2020-03-07		Netherlands	gisaid	genome
Netherlands/NA/33/2020	hCov-19	EPI_ISL_415490	2020-03-07		Netherlands	gisaid	genome
Netherlands/NA/32/2020	hCov-19	EPI_ISL_415489	2020-03-13		Netherlands	gisaid	genome
Netherlands/NA/31/2020	hCov-19	EPI_ISL_415488	2020-03-13		Netherlands	gisaid	genome
Netherlands/NA/30/2020	hCov-19	EPI_ISL_415487	2020-03-13		Netherlands	gisaid	genome
Netherlands/NA/29/2020	hCov-19	EPI_ISL_415486	2020-03-13		Netherlands	gisaid	genome
Netherlands/NA/28/2020	hCov-19	EPI_ISL_415485	2020-03-12		Netherlands	gisaid	genome
Netherlands/NA/27/2020	hCov-19	EPI_ISL_415484	2020-03-13		Netherlands	gisaid	genome
Netherlands/NA/26/2020	hCov-19	EPI_ISL_415483	2020-03-09		Netherlands	gisaid	genome
Netherlands/NA/25/2020	hCov-19	EPI_ISL_415482	2020-03-09		Netherlands	gisaid	genome
Netherlands/NA/24/2020	hCov-19	EPI_ISL_415481	2020-03-08		Netherlands	gisaid	genome
Netherlands/NA/23/2020	hCov-19	EPI_ISL_415480	2020-03-09		Netherlands	gisaid	genome
Netherlands/NA/22/2020	hCov-19	EPI_ISL_415479	2020-03-08		Netherlands	gisaid	genome
Netherlands/NA/21/2020	hCov-19	EPI_ISL_415478	2020-03-08		Netherlands	gisaid	genome
Netherlands/NA/20/2020	hCov-19	EPI_ISL_415477	2020-03-12		Netherlands	gisaid	genome
Netherlands/NA/2/2020	hCov-19	EPI_ISL_415476	2020-03-10		Netherlands	gisaid	genome
Netherlands/NA/19/2020	hCov-19	EPI_ISL_415475	2020-03-12		Netherlands	gisaid	genome
Netherlands/NA/18/2020	hCov-19	EPI_ISL_415474	2020-03-09		Netherlands	gisaid	genome
Netherlands/NA/17/2020	hCov-19	EPI_ISL_415473	2020-03-09		Netherlands	gisaid	genome
Netherlands/NA/16/2020	hCov-19	EPI_ISL_415472	2020-03-11		Netherlands	gisaid	genome
Netherlands/NA/15/2020	hCov-19	EPI_ISL_415471	2020-03-11		Netherlands	gisaid	genome
Netherlands/NA/14/2020	hCov-19	EPI_ISL_415470	2020-03-10		Netherlands	gisaid	genome
Netherlands/NA/13/2020	hCov-19	EPI_ISL_415469	2020-03-10		Netherlands	gisaid	genome
Netherlands/NA/12/2020	hCov-19	EPI_ISL_415468	2020-03-10		Netherlands	gisaid	genome
Netherlands/NA/11/2020	hCov-19	EPI_ISL_415467	2020-03-10		Netherlands	gisaid	genome
Netherlands/NA/10/2020	hCov-19	EPI_ISL_415466	2020-03-09		Netherlands	gisaid	genome
Netherlands/NA/1/2020	hCov-19	EPI_ISL_415465	2020-03-10		Netherlands	gisaid	genome
Netherlands/Limburg/7/2020	hCoV-19	EPI_ISL_415464	2020	Limburg	Netherlands	gisaid	genome
Netherlands/Gelderland/3/2020	hCoV-19	EPI_ISL_415463	2020-03-09	Gelderland	Netherlands	gisaid	genome
Netherlands/Gelderland/2/2020	hCoV-19	EPI_ISL_415462	2020-03-09	Gelderland	Netherlands	gisaid	genome
Netherlands/Gelderland/1/2020	hCov-19	EPI_ISL_415461	2020-03-10	Gelderland	Netherlands	gisaid	genome
Netherlands/Flevoland/1/2020	hCov-19	EPI_ISL_415460	2020-03-09	Flevoland	Netherlands	gisaid	genome
USA/UPHL-01/2020	hCoV-19	EPI_ISL_415539	2020-03-13	UPHL	USA	gisaid	genome
USA/UPHL-04/2020	hCoV-19	EPI_ISL_415542	2020-03-13	UPHL	USA	gisaid	genome
USA/UPHL-05/2020	hCoV-19	EPI_ISL_415543	2020-03-13	UPHL	USA	gisaid	genome
USA/UPHL-06/2020	hCoV-19	EPI_ISL_415544	2020-03-13	UPHL	USA	gisaid	genome
Wales/PHW06/2020	hCoV-19	EPI_ISL_415435	2020-03-06	PHW	Wales	gisaid	genome
Wales/PHW13/2020	hCoV-19	EPI_ISL_415537	2020-03-08	PHW	Wales	gisaid	genome
Wales/PHW38/2020	hCoV-19	EPI_ISL_415538	2020-03-12	PHW	Wales	gisaid	genome
USA/UPHL-03/2020	hCoV-19	EPI_ISL_415541	2020-03-13	UPHL	USA	gisaid	genome
Wuhan/WH02/2019	hCoV-19	EPI_ISL_406799	2019-12-31	WH	Wuhan	gisaid	genome
Shenzhen/SZTH-001/2020	hCoV-19	EPI_ISL_406592	2020-01-13	SZTH	Shenzhen	gisaid	genome
USA/WI1/2020	hCoV-19	EPI_ISL_408670	2020-01-31	WI	USA	gisaid	genome
Wuhan/WH05/2020	hCoV-19	EPI_ISL_408978	2020-02-07	WH	Wuhan	gisaid	genome
Brazil/SPBR-01/2020	hCoV-19	EPI_ISL_412964	2020-02-25	SPBR	Brazil	gisaid	genome
Canada/BC_37_0-2/2020	hCoV-19	EPI_ISL_412965	2020-02-16	BC__	Canada	gisaid	genome
Henan/IVDC-HeN-002/2020	hCoV-19	EPI_ISL_408487	2020-01-20	IVDC-HeN	Henan	gisaid	genome
Japan/AI/I-004/2020	hCoV-19	EPI_ISL_407084	2020-01-25	AI	Japan	gisaid	genome
Shanghai/IVDC-SH-001/2020	hCoV-19	EPI_ISL_408483	2020-01-20	IVDC-SH	Shanghai	gisaid	genome
USA/CA6/2020	hCoV-19	EPI_ISL_410044	2020-01-27	CA	USA	gisaid	genome
Wuhan/HBCDC-HB-04/2019	hCoV-19	EPI_ISL_412900	2019-12-30	HBCDC-HB	Wuhan	gisaid	genome
Beijing/IVDC-BJ-005/2020	hCoV-19	EPI_ISL_408485	2020-01-18	IVDC-BJ	Beijing	gisaid	genome
England/09c/2020	hCoV-19	EPI_ISL_412116	2020-02-09	c	England	gisaid	genome
Singapore/10/2020	hCoV-19	EPI_ISL_410716	2020-02-04		Singapore	gisaid	genome
Singapore/11/2020	hCoV-19	EPI_ISL_410719	2020-02-02		Singapore	gisaid	genome
Canada/BC_78548/2020	hCoV-19	EPI_ISL_415590	2020-03-05	BC_	Canada	gisaid	genome
Canada/BC_83163/2020	hCoV-19	EPI_ISL_415589	2020-03-05	BC_	Canada	gisaid	genome
Canada/BC_83109/2020	hCoV-19	EPI_ISL_415588	2020-03-05	BC_	Canada	gisaid	genome
Canada/BC_66353/2020	hCoV-19	EPI_ISL_415587	2020-03-04	BC_	Canada	gisaid	genome
Canada/BC_64686/2020	hCoV-19	EPI_ISL_415586	2020-03-05	BC_	Canada	gisaid	genome
Canada/BC_65034/2020	hCoV-19	EPI_ISL_415585	2020-03-04	BC_	Canada	gisaid	genome
Canada/BC_41851/2020	hCoV-19	EPI_ISL_415584	2020-03-02	BC_	Canada	gisaid	genome
Canada/BC_40860/2020	hCoV-19	EPI_ISL_415583	2020-03-03	BC_	Canada	gisaid	genome
Canada/BC_35720/2020	hCoV-19	EPI_ISL_415582	2020-03-04	BC_	Canada	gisaid	genome
Canada/BC_02421/2020	hCoV-19	EPI_ISL_415581	2020-03-01	BC_	Canada	gisaid	genome
Canada/BC_17397/2020	hCoV-19	EPI_ISL_415580	2020-02-28	BC_	Canada	gisaid	genome
Canada/BC_25211/2020	hCoV-19	EPI_ISL_415579	2020-03-02	BC_	Canada	gisaid	genome
Canada/BC_13297/2020	hCoV-19	EPI_ISL_415578	2020-02-27	BC_	Canada	gisaid	genome
Canada/BC_69243/2020	hCoV-19	EPI_ISL_415577	2020-02-20	BC_	Canada	gisaid	genome
USA/WA-UW76/2020	hCoV-19	EPI_ISL_415604	2020-03-10	WA-UW	USA	gisaid	genome
USA/WA-UW75/2020	hCoV-19	EPI_ISL_415603	2020-03-10	WA-UW	USA	gisaid	genome
USA/WA-UW74/2020	hCoV-19	EPI_ISL_415602	2020-03-10	WA-UW	USA	gisaid	genome
USA/WA-UW73/2020	hCoV-19	EPI_ISL_415601	2020-03-10	WA-UW	USA	gisaid	genome
USA/WA-UW72/2020	hCoV-19	EPI_ISL_415600	2020-03-09	WA-UW	USA	gisaid	genome
USA/WA-UW71/2020	hCoV-19	EPI_ISL_415599	2020-03-09	WA-UW	USA	gisaid	genome
USA/WA-UW51/2020	hCoV-19	EPI_ISL_415616	2020-03-08	WA-UW	USA	gisaid	genome
USA/WA-UW50/2020	hCoV-19	EPI_ISL_415615	2020-03-08	WA-UW	USA	gisaid	genome
USA/WA-UW49/2020	hCoV-19	EPI_ISL_415614	2020-03-09	WA-UW	USA	gisaid	genome
USA/WA-UW48/2020	hCoV-19	EPI_ISL_415613	2020-03-09	WA-UW	USA	gisaid	genome
USA/WA-UW47/2020	hCoV-19	EPI_ISL_415612	2020-03-09	WA-UW	USA	gisaid	genome
USA/WA-UW46/2020	hCoV-19	EPI_ISL_415611	2020-03-09	WA-UW	USA	gisaid	genome
USA/WA-UW45/2020	hCoV-19	EPI_ISL_415610	2020-03-08	WA-UW	USA	gisaid	genome
USA/WA-UW44/2020	hCoV-19	EPI_ISL_415609	2020-03-08	WA-UW	USA	gisaid	genome
USA/WA-UW43/2020	hCoV-19	EPI_ISL_415608	2020-03-08	WA-UW	USA	gisaid	genome
USA/WA-UW42/2020	hCoV-19	EPI_ISL_415607	2020-03-09	WA-UW	USA	gisaid	genome
USA/WA-UW41/2020	hCoV-19	EPI_ISL_415606	2020-03-08	WA-UW	USA	gisaid	genome
USA/WA-UW40/2020	hCoV-19	EPI_ISL_415605	2020-03-05	WA-UW	USA	gisaid	genome
USA/WA-UW70/2020	hCoV-19	EPI_ISL_415598	2020-03-10	WA-UW	USA	gisaid	genome
USA/WA-UW69/2020	hCoV-19	EPI_ISL_415597	2020-03-10	WA-UW	USA	gisaid	genome
USA/WA-UW68/2020	hCoV-19	EPI_ISL_415596	2020-03-09	WA-UW	USA	gisaid	genome
USA/WA-UW67/2020	hCoV-19	EPI_ISL_415595	2020-03-09	WA-UW	USA	gisaid	genome
USA/WA-UW66/2020	hCoV-19	EPI_ISL_415594	2020-03-10	WA-UW	USA	gisaid	genome
USA/WA-UW65/2020	hCoV-19	EPI_ISL_415593	2020-03-10	WA-UW	USA	gisaid	genome
USA/WA-UW64/2020	hCoV-19	EPI_ISL_415592	2020-03-09	WA-UW	USA	gisaid	genome
USA/WA-UW63/2020	hCoV-19	EPI_ISL_415591	2020-03-10	WA-UW	USA	gisaid	genome
USA/WA-UW62/2020	hCoV-19	EPI_ISL_415627	2020-03-09	WA-UW	USA	gisaid	genome
USA/WA-UW61/2020	hCoV-19	EPI_ISL_415626	2020-03-10	WA-UW	USA	gisaid	genome
USA/WA-UW60/2020	hCoV-19	EPI_ISL_415625	2020-03-09	WA-UW	USA	gisaid	genome
USA/WA-UW59/2020	hCoV-19	EPI_ISL_415624	2020-03-09	WA-UW	USA	gisaid	genome
USA/WA-UW58/2020	hCoV-19	EPI_ISL_415623	2020-03-09	WA-UW	USA	gisaid	genome
USA/WA-UW57/2020	hCoV-19	EPI_ISL_415622	2020-03-09	WA-UW	USA	gisaid	genome
USA/WA-UW56/2020	hCoV-19	EPI_ISL_415621	2020-03-09	WA-UW	USA	gisaid	genome
USA/WA-UW55/2020	hCoV-19	EPI_ISL_415620	2020-03-09	WA-UW	USA	gisaid	genome
USA/WA-UW54/2020	hCoV-19	EPI_ISL_415619	2020-03-09	WA-UW	USA	gisaid	genome
USA/WA-UW53/2020	hCoV-19	EPI_ISL_415618	2020-03-09	WA-UW	USA	gisaid	genome
USA/WA-UW52/2020	hCoV-19	EPI_ISL_415617	2020-03-09	WA-UW	USA	gisaid	genome
Scotland/CVR06/2020	hCoV-19	EPI_ISL_415628	2020-03-07	CVR	Scotland	gisaid	genome
Scotland/CVR07/2020	hCoV-19	EPI_ISL_415630	2020-03-09	CVR	Scotland	gisaid	genome
Scotland/CVR10/2020	hCoV-19	EPI_ISL_415631	2020-03-10	CVR	Scotland	gisaid	genome
USA/UPHL-02/2020	hCoV-19	EPI_ISL_415540	2020-03-13	UPHL	USA	gisaid	genome
Scotland/EDB004/2020	hCoV-19	EPI_ISL_415629	2020-03-04	EDB	Scotland	gisaid	genome
Scotland/EDB005/2020	hCoV-19	EPI_ISL_415632	2020-03-07	EDB	Scotland	gisaid	genome
Scotland/EDB006/2020	hCoV-19	EPI_ISL_415633	2020-03-09	EDB	Scotland	gisaid	genome
Scotland/EDB007/2020	hCoV-19	EPI_ISL_415634	2020-03-06	EDB	Scotland	gisaid	genome
Scotland/EDB008/2020	hCoV-19	EPI_ISL_415635	2020-03-09	EDB	Scotland	gisaid	genome
Scotland/EDB009/2020	hCoV-19	EPI_ISL_415636	2020-03-06	EDB	Scotland	gisaid	genome
Scotland/EDB011/2020	hCoV-19	EPI_ISL_415637	2020-03-04	EDB	Scotland	gisaid	genome
Scotland/EDB012/2020	hCoV-19	EPI_ISL_415638	2020-03-07	EDB	Scotland	gisaid	genome
Scotland/EDB003/2020	hCoV-19	EPI_ISL_415640	2020-03-08	EDB	Scotland	gisaid	genome
Scotland/EDB013/2020	hCoV-19	EPI_ISL_415639	2020-03-10	EDB	Scotland	gisaid	genome
Georgia/Tb-54/2020	hCoV-19	EPI_ISL_415641	2020-02-27	Tb	Georgia	gisaid	genome
Georgia/Tb-477/2020	hCoV-19	EPI_ISL_415642	2020-03-10	Tb	Georgia	gisaid	genome
France/HF2174/2020	hCoV-19	EPI_ISL_415654	2020-03-09	HF	France	gisaid	genome
France/HF2151/2020	hCoV-19	EPI_ISL_415653	2020-03-08	HF	France	gisaid	genome
France/BFC2147/2020	hCoV-19	EPI_ISL_415652	2020-03-05	BFC	France	gisaid	genome
France/BFC2094/2020	hCoV-19	EPI_ISL_415651	2020-03-05	BFC	France	gisaid	genome
France/IDF2075/2020	hCoV-19	EPI_ISL_415650	2020-03-02	IDF	France	gisaid	genome
France/HF2039/2020	hCoV-19	EPI_ISL_415649	2020-03-05	HF	France	gisaid	genome
Georgia/Tb-82/2020	hCoV-19	EPI_ISL_415644	2020-02-28	Tb	Georgia	gisaid	genome
Wales/PHW27/2020	hCoV-19	EPI_ISL_415655	2020-03-12	PHW	Wales	gisaid	genome
Wales/PHW37/2020	hCoV-19	EPI_ISL_415657	2020-03-12	PHW	Wales	gisaid	genome
Chile/Santiago_op2d1/2020	hCoV-19	EPI_ISL_415658	2020-03-06	Santiago_opd	Chile	gisaid	genome
Wales/PHW28/2020	hCoV-19	EPI_ISL_415659	2020-03-12	PHW	Wales	gisaid	genome
Chile/Santiago_op3d1/2020	hCoV-19	EPI_ISL_415660	2020-03-07	Santiago_opd	Chile	gisaid	genome
Chile/Santiago_op4d1/2020	hCoV-19	EPI_ISL_415661	2020-03-08	Santiago_opd	Chile	gisaid	genome
Wales/PHW33/2020	hCoV-19	EPI_ISL_415656	2020-03-12	PHW	Wales	gisaid	genome
Switzerland/GE0199/2020	hCoV-19	EPI_ISL_415455	2020-02-28	GE	Switzerland	gisaid	genome
Anhui/SZ005/2020	hCoV-19	EPI_ISL_413485	2020-01-24	SZ	Anhui	gisaid	genome
Canada/ON-VIDO-01/2020	hCoV-19	EPI_ISL_413015	2020-01-23	ON-VIDO	Canada	gisaid	genome
Finland/FIN-25/2020	hCoV-19	EPI_ISL_412971	2020-02-25	FIN	Finland	gisaid	genome
Finland/FIN01032020/2020	hCoV-19	EPI_ISL_413605	2020-03-01	FIN	Finland	gisaid	genome
India/1-27/2020	hCoV-19	EPI_ISL_413522	2020-01-27		India	gisaid	genome
Netherlands/Andel_1365066/2020	hCoV-19	EPI_ISL_413564	2020-03-01	Andel_	Netherlands	gisaid	genome
Netherlands/Berlicum_1363564/2020	hCoV-19	EPI_ISL_413565	2020-02-24	Berlicum_	Netherlands	gisaid	genome
Netherlands/Coevorden_1363618/2020	hCoV-19	EPI_ISL_413567	2020	Coevorden_	Netherlands	gisaid	genome
Netherlands/Dalen_1363624/2020	hCoV-19	EPI_ISL_413568	2020-03-01	Dalen_	Netherlands	gisaid	genome
Netherlands/Delft_1363424/2020	hCoV-19	EPI_ISL_413569	2020-02-28	Delft_	Netherlands	gisaid	genome
Netherlands/Diemen_1363454/2020	hCoV-19	EPI_ISL_413570	2020-02-28	Diemen_	Netherlands	gisaid	genome
Netherlands/Eindhoven_1363782/2020	hCoV-19	EPI_ISL_413571	2020-03-02	Eindhoven_	Netherlands	gisaid	genome
Netherlands/Hardinxveld_Giessendam_1364806/2020	hCoV-19	EPI_ISL_413573	2020-03-02	Hardinxveld_Giessendam_	Netherlands	gisaid	genome
Netherlands/Helmond_1363548/2020	hCoV-19	EPI_ISL_413574	2020-02-29	Helmond_	Netherlands	gisaid	genome
Netherlands/Loon_op_zand_1363512/2020	hCoV-19	EPI_ISL_413576	2020-02-29	Loon_op_zand_	Netherlands	gisaid	genome
Netherlands/Naarden_1364774/2020	hCoV-19	EPI_ISL_413577	2020-03-02	Naarden_	Netherlands	gisaid	genome
Netherlands/Nieuwendijk_1363582/2020	hCoV-19	EPI_ISL_413578	2020-03-01	Nieuwendijk_	Netherlands	gisaid	genome
Netherlands/Oisterwijk_1364072/2020	hCoV-19	EPI_ISL_413580	2020-03-02	Oisterwijk_	Netherlands	gisaid	genome
Netherlands/Oss_1363500/2020	hCoV-19	EPI_ISL_413581	2020-02-29	Oss_	Netherlands	gisaid	genome
Netherlands/Rotterdam_1363790/2020	hCoV-19	EPI_ISL_413582	2020-03-01	Rotterdam_	Netherlands	gisaid	genome
Netherlands/Rotterdam_1364040/2020	hCoV-19	EPI_ISL_413583	2020-03-02	Rotterdam_	Netherlands	gisaid	genome
Netherlands/Tilburg_/2020	hCoV-19	EPI_ISL_413585	2020	Tilburg_	Netherlands	gisaid	genome
Netherlands/Tilburg_1363354/2020	hCoV-19	EPI_ISL_413586	2020-02-27	Tilburg_	Netherlands	gisaid	genome
Scotland/CVR01/2020	hCoV-19	EPI_ISL_413221	2020-03-02	CVR	Scotland	gisaid	genome
Nigeria/Lagos01/2020	hCoV-19	EPI_ISL_413550	2020-02-27	Lagos	Nigeria	gisaid	genome
NetherlandsL/Houten_1363498/2020	hCoV-19	EPI_ISL_413575	2020-02-29	Houten_	NetherlandsL	gisaid	genome
Netherlands/Utrecht_1363564/2020	hCoV-19	EPI_ISL_413588	2020-03-01	Utrecht_	Netherlands	gisaid	genome
Netherlands/Utrecht_1364066/2020	hCoV-19	EPI_ISL_413590	2020-03-02	Utrecht_	Netherlands	gisaid	genome
Denmark/SSI-104/2020	hCoV-19	EPI_ISL_415648	2020-03-03	SSI	Denmark	gisaid	genome
Denmark/SSI-101/2020	hCoV-19	EPI_ISL_415646	2020-03-03	SSI	Denmark	gisaid	genome
Switzerland/1000477102/2020	hCoV-19	EPI_ISL_413019	2020-02-26		Switzerland	gisaid	genome
Switzerland/1000477377/2020	hCoV-19	EPI_ISL_413020	2020-02-27		Switzerland	gisaid	genome
USA/CA-CDPH-UC1/2020	hCoV-19	EPI_ISL_413557	2020	CA-CDPH-UC	USA	gisaid	genome
USA/CA-CDPH-UC2/2020	hCoV-19	EPI_ISL_413558	2020-02-27	CA-CDPH-UC	USA	gisaid	genome
USA/CA-CDPH-UC3/2020	hCoV-19	EPI_ISL_413559	2020-02-27	CA-CDPH-UC	USA	gisaid	genome
USA/CA-CDPH-UC4/2020	hCoV-19	EPI_ISL_413561	2020-02-27	CA-CDPH-UC	USA	gisaid	genome
USA/CruiseA-18/2020	hCoV-19	EPI_ISL_413623	2020-02-24	CruiseA	USA	gisaid	genome
USA/WA3-UW1/2020	hCoV-19	EPI_ISL_413025	2020-02-27	WA-UW	USA	gisaid	genome
Guangzhou/GZMU0047/2020	hCoV-19	EPI_ISL_414690	2020-02-25	GZMU	Guangzhou	gisaid	genome
USA/WA9-UW6/2020	hCoV-19	EPI_ISL_413487	2020-03-01	WA-UW	USA	gisaid	genome
USA/WA-S3/2020	hCoV-19	EPI_ISL_413560	2020-02-28	WA-S	USA	gisaid	genome
USA/WA11-UW7/2020	hCoV-19	EPI_ISL_413562	2020-03-02	WA-UW	USA	gisaid	genome
USA/WA13-UW9/2020	hCoV-19	EPI_ISL_413601	2020-03-02	WA-UW	USA	gisaid	genome
Australia/NSW02/2020	hCoV-19	EPI_ISL_408976	2020-01-22	NSW	Australia	gisaid	genome
Australia/NSW03/2020	hCoV-19	EPI_ISL_408977	2020-01-25	NSW	Australia	gisaid	genome
China/WF0021/2020	hCoV-19	EPI_ISL_413751	2020-02	WF	China	gisaid	genome
China/WF0023/2020	hCoV-19	EPI_ISL_413752	2020-02	WF	China	gisaid	genome
China/WF0024/2020	hCoV-19	EPI_ISL_413753	2020-02	WF	China	gisaid	genome
Brazil/SPBR-03/2020	hCoV-19	EPI_ISL_414014	2020-03-02	SPBR	Brazil	gisaid	genome
Brazil/SPBR-06/2020	hCoV-19	EPI_ISL_414015	2020-02-29	SPBR	Brazil	gisaid	genome
Brazil/SPBR-05/2020	hCoV-19	EPI_ISL_414016	2020-02-29	SPBR	Brazil	gisaid	genome
Brazil/SPBR-04/2020	hCoV-19	EPI_ISL_414017	2020-03-04	SPBR	Brazil	gisaid	genome
England/200641094/2020	hCoV-19	EPI_ISL_414040	2020-02-05		England	gisaid	genome
England/200690245/2020	hCoV-19	EPI_ISL_414041	2020-02-08		England	gisaid	genome
Guangdong/2020XN4239-P0034/2020	hCoV-19	EPI_ISL_413888	2020-01-30	XN-P	Guangdong	gisaid	genome
England/200981386/2020	hCoV-19	EPI_ISL_414010	2020-02-26		England	gisaid	genome
England/201000003/2020	hCoV-19	EPI_ISL_414013	2020-03-01		England	gisaid	genome
England/200690300/2020	hCoV-19	EPI_ISL_414042	2020-02-08		England	gisaid	genome
England/200690306/2020	hCoV-19	EPI_ISL_414043	2020-02-07		England	gisaid	genome
England/200690756/2020	hCoV-19	EPI_ISL_414044	2020-02-08		England	gisaid	genome
Guangdong/2020XN4373-P0039/2020	hCoV-19	EPI_ISL_413851	2020-01-30	XN-P	Guangdong	gisaid	genome
Guangdong/2020XN4433-P0040/2020	hCoV-19	EPI_ISL_413852	2020-01-30	XN-P	Guangdong	gisaid	genome
Guangdong/2020XN4243-P0035/2020	hCoV-19	EPI_ISL_413853	2020-01-30	XN-P	Guangdong	gisaid	genome
Guangdong/2020XN4475-P0042/2020	hCoV-19	EPI_ISL_413854	2020-01-30	XN-P	Guangdong	gisaid	genome
Guangdong/2020XN4448-P0002/2020	hCoV-19	EPI_ISL_413857	2020-01-31	XN-P	Guangdong	gisaid	genome
Guangdong/2020XN4459-P0041/2020	hCoV-19	EPI_ISL_413858	2020-01-30	XN-P	Guangdong	gisaid	genome
Guangdong/2020XN4276-P0037/2020	hCoV-19	EPI_ISL_413859	2020-01-31	XN-P	Guangdong	gisaid	genome
Guangdong/2020XN4273-P0036/2020	hCoV-19	EPI_ISL_413860	2020-01-30	XN-P	Guangdong	gisaid	genome
Guangdong/DG-S9-P0045/2020	hCoV-19	EPI_ISL_413868	2020-02-28	DG-S-P	Guangdong	gisaid	genome
Guangdong/2020XN4291-P0038/2020	hCoV-19	EPI_ISL_413889	2020-01-30	XN-P	Guangdong	gisaid	genome
Guangdong/FS-S29-P0051/2020	hCoV-19	EPI_ISL_413891	2020-02-28	FS-S-P	Guangdong	gisaid	genome
Guangdong/DG-S2-P0054/2020	hCoV-19	EPI_ISL_413894	2020-02-28	DG-S-P	Guangdong	gisaid	genome
Guangdong/DG-S6-P0055/2020	hCoV-19	EPI_ISL_413895	2020-02-28	DG-S-P	Guangdong	gisaid	genome
Guangdong/DG-S41-P0056/2020	hCoV-19	EPI_ISL_413896	2020-02-28	DG-S-P	Guangdong	gisaid	genome
Guangdong/GD2020080-P0010/2020	hCoV-19	EPI_ISL_413861	2020-02-01	GD-P	Guangdong	gisaid	genome
Guangdong/GD2020086-P0021/2020	hCoV-19	EPI_ISL_413862	2020-02-01	GD-P	Guangdong	gisaid	genome
Guangdong/GD2020087-P0008/2020	hCoV-19	EPI_ISL_413863	2020-02-01	GD-P	Guangdong	gisaid	genome
Guangdong/FS-S42-P0046/2020	hCoV-19	EPI_ISL_413869	2020-02-28	FS-S-P	Guangdong	gisaid	genome
Guangdong/FS-S48-P0047/2020	hCoV-19	EPI_ISL_413870	2020-02-28	FS-S-P	Guangdong	gisaid	genome
Guangdong/GD2020016-P0011/2020	hCoV-19	EPI_ISL_413885	2020-02-01	GD-P	Guangdong	gisaid	genome
Guangdong/GD2020012-P0022/2020	hCoV-19	EPI_ISL_413886	2020-02-01	GD-P	Guangdong	gisaid	genome
Guangdong/GD2020085-P0043/2020	hCoV-19	EPI_ISL_413887	2020-02-01	GD-P	Guangdong	gisaid	genome
Guangdong/FS-S34-P0015/2020	hCoV-19	EPI_ISL_413890	2020-02-28	FS-S-P	Guangdong	gisaid	genome
Guangdong/FS-S30-P0052/2020	hCoV-19	EPI_ISL_413892	2020-02-28	FS-S-P	Guangdong	gisaid	genome
Guangdong/FS-S50-P0053/2020	hCoV-19	EPI_ISL_413893	2020-02-28	FS-S-P	Guangdong	gisaid	genome
Guangdong/GD2020134-P0031/2020	hCoV-19	EPI_ISL_413883	2020-02-02	GD-P	Guangdong	gisaid	genome
Guangdong/GDFS2020054-P0005/2020	hCoV-19	EPI_ISL_413850	2020-02-10	GDFS-P	Guangdong	gisaid	genome
Guangdong/GD2020234-P0023/2020	hCoV-19	EPI_ISL_413855	2020-02-07	GD-P	Guangdong	gisaid	genome
Guangdong/GD2020233-P0027/2020	hCoV-19	EPI_ISL_413856	2020-02-07	GD-P	Guangdong	gisaid	genome
Guangdong/GD2020246-P0028/2020	hCoV-19	EPI_ISL_413864	2020-02-09	GD-P	Guangdong	gisaid	genome
Guangdong/GDSZ202008-P0020/2020	hCoV-19	EPI_ISL_413866	2020-02-05	GDSZ-P	Guangdong	gisaid	genome
Guangdong/GDFS2020127-P0026/2020	hCoV-19	EPI_ISL_413874	2020-02-12	GDFS-P	Guangdong	gisaid	genome
Guangdong/GDFS2020052-P0025/2020	hCoV-19	EPI_ISL_413875	2020-02-10	GDFS-P	Guangdong	gisaid	genome
Guangdong/GDFS2020056-P0044/2020	hCoV-19	EPI_ISL_413876	2020-02-10	GDFS-P	Guangdong	gisaid	genome
Guangdong/GD2020241-P0013/2020	hCoV-19	EPI_ISL_413877	2020-02-09	GD-P	Guangdong	gisaid	genome
Guangdong/GD2020258-P0018/2020	hCoV-19	EPI_ISL_413878	2020-02-09	GD-P	Guangdong	gisaid	genome
Guangdong/GDSZ202004-P0004/2020	hCoV-19	EPI_ISL_413879	2020-02-05	GDSZ-P	Guangdong	gisaid	genome
Guangdong/GD2020227-P0029/2020	hCoV-19	EPI_ISL_413880	2020-02-05	GD-P	Guangdong	gisaid	genome
Guangdong/GDSZ202009-P0032/2020	hCoV-19	EPI_ISL_413881	2020-02-05	GDSZ-P	Guangdong	gisaid	genome
Guangdong/GD2020139-P0007/2020	hCoV-19	EPI_ISL_413882	2020-02-02	GD-P	Guangdong	gisaid	genome
Guangdong/GDSZ202013-P0014/2020	hCoV-19	EPI_ISL_413865	2020-02-05	GDSZ-P	Guangdong	gisaid	genome
Guangdong/GDSZ202015-P0019/2020	hCoV-19	EPI_ISL_413867	2020-02-05	GDSZ-P	Guangdong	gisaid	genome
Guangdong/MM-S1-P0048/2020	hCoV-19	EPI_ISL_413871	2020-02-28	MM-S-P	Guangdong	gisaid	genome
Guangdong/SZ-N59-P0049/2020	hCoV-19	EPI_ISL_413872	2020-02-28	SZ-N-P	Guangdong	gisaid	genome
Guangdong/GZ-S6-P0050/2020	hCoV-19	EPI_ISL_413873	2020-02-28	GZ-S-P	Guangdong	gisaid	genome
Guangdong/SZ-N128-P0057/2020	hCoV-19	EPI_ISL_413897	2020-02-28	SZ-N-P	Guangdong	gisaid	genome
Guangdong/ZH-S33-P0058/2020	hCoV-19	EPI_ISL_413898	2020-02-28	ZH-S-P	Guangdong	gisaid	genome
Guangdong/ZH-N22-P0059/2020	hCoV-19	EPI_ISL_413899	2020-02-28	ZH-N-P	Guangdong	gisaid	genome
Guangdong/ZS-S6-P0060/2020	hCoV-19	EPI_ISL_413900	2020-02-28	ZS-S-P	Guangdong	gisaid	genome
Guangdong/ZQ-S2-P0061/2020	hCoV-19	EPI_ISL_413901	2020-02-28	ZQ-S-P	Guangdong	gisaid	genome
Guangdong/JM-S1-P0062/2020	hCoV-19	EPI_ISL_413902	2020-02-28	JM-S-P	Guangdong	gisaid	genome
Scotland/CVR02/2020	hCoV-19	EPI_ISL_414024	2020-03-02	CVR	Scotland	gisaid	genome
Scotland/CVR03/2020	hCoV-19	EPI_ISL_414025	2020-03-01	CVR	Scotland	gisaid	genome
Scotland/CVR04/2020	hCoV-19	EPI_ISL_414026	2020-03-04	CVR	Scotland	gisaid	genome
Scotland/CVR05/2020	hCoV-19	EPI_ISL_414027	2020-03-04	CVR	Scotland	gisaid	genome
USA/WA14-UW10/2020	hCoV-19	EPI_ISL_413649	2020-03-05	WA-UW	USA	gisaid	genome
USA/WA17-UW13/2020	hCoV-19	EPI_ISL_413652	2020-03-05	WA-UW	USA	gisaid	genome
USA/CA-CDPH-UC5/2020	hCoV-19	EPI_ISL_413922	2020-03-05	CA-CDPH-UC	USA	gisaid	genome
USA/CA-CDPH-UC6/2020	hCoV-19	EPI_ISL_413924	2020-03-05	CA-CDPH-UC	USA	gisaid	genome
USA/CA-CDPH-UC7/2020	hCoV-19	EPI_ISL_413925	2020-03-05	CA-CDPH-UC	USA	gisaid	genome
USA/CA-CDPH-UC8/2020	hCoV-19	EPI_ISL_413926	2020-03-05	CA-CDPH-UC	USA	gisaid	genome
USA/CA-CDPH-UC9/2020	hCoV-19	EPI_ISL_413928	2020-03-05	CA-CDPH-UC	USA	gisaid	genome
USA/UC-CDPH-UC11/2020	hCoV-19	EPI_ISL_413931	2020-03-05	UC-CDPH-UC	USA	gisaid	genome
USA/WA-UW16/2020	hCoV-19	EPI_ISL_414364	2020-03-05	WA-UW	USA	gisaid	genome
USA/WA-UW17/2020	hCoV-19	EPI_ISL_414365	2020-03-06	WA-UW	USA	gisaid	genome
Switzerland/GR2988/2020	hCoV-19	EPI_ISL_415698	2020-02-27	GR	Switzerland	gisaid	genome
Switzerland/GR3043/2020	hCoV-19	EPI_ISL_415699	2020-02-27	GR	Switzerland	gisaid	genome
Switzerland/GE4984/2020	hCoV-19	EPI_ISL_415708	2020-03-07	GE	Switzerland	gisaid	genome
Switzerland/GE6679/2020	hCoV-19	EPI_ISL_415707	2020-03-08	GE	Switzerland	gisaid	genome
Switzerland/GE062072020	hCoV-19	EPI_ISL_415706	2020-03-06	GE|EPI_ISL_|	Switzerland	gisaid	genome
Switzerland/GE4135/2020	hCoV-19	EPI_ISL_415705	2020-03-06	GE	Switzerland	gisaid	genome
Switzerland/BE2536/2020	hCoV-19	EPI_ISL_415704	2020-03-04	BE	Switzerland	gisaid	genome
Switzerland/TI2045/2020	hCoV-19	EPI_ISL_415703	2020-03-01	TI	Switzerland	gisaid	genome
Switzerland/SZ1417/2020	hCoV-19	EPI_ISL_415702	2020-03-02	SZ	Switzerland	gisaid	genome
Switzerland/BS0914/2020	hCoV-19	EPI_ISL_415701	2020-03-02	BS	Switzerland	gisaid	genome
Switzerland/GE1402/2020	hCoV-19	EPI_ISL_415700	2020-02-28	GE	Switzerland	gisaid	genome
Wales/PHW2/2020	hCoV-19	EPI_ISL_413556	2020-03-04	PHW	Wales	gisaid	genome
France/RA739/2020	hCoV-19	EPI_ISL_410486	2020-02-08	RA	France	gisaid	genome
Hangzhou/ZJU-01/2020	hCoV-19	EPI_ISL_415709	2020-01-25	ZJU	Hangzhou	gisaid	genome
Hangzhou/ZJU-05/2020	hCoV-19	EPI_ISL_415711	2020-01-22	ZJU	Hangzhou	gisaid	genome
Georgia/Tb-468/2020	hCoV-19	EPI_ISL_415643	2020-03-10	Tb	Georgia	gisaid	genome
Mexico/CDMX-InDRE_01/2020	hCoV-19	EPI_ISL_412972	2020-02-27	CDMX-InDRE_	Mexico	gisaid	genome
Russia/StPetersburg-3524/2020	hCoV-19	EPI_ISL_415710	2020-03-15	StPetersburg	Russia	gisaid	genome
Taiwan/CGMH-CGU-03/2020	hCoV-19	EPI_ISL_415741	2020-02-26	CGMH-CGU	Taiwan	gisaid	genome
Peru/010/2020	hCoV-19	EPI_ISL_415787	2020-03-10		Peru	gisaid	genome
Brazil/SPBR-14/2020	hCoV-19	EPI_ISL_416036	2020-03-05	SPBR	Brazil	gisaid	genome
Netherlands/Limburg_5/2020	hCoV-19	EPI_ISL_414448	2020-03-04	Limburg_	Netherlands	gisaid	genome
Netherlands/NoordBrabant_11/2020	hCoV-19	EPI_ISL_414432	2020-03-02	NoordBrabant_	Netherlands	gisaid	genome
Netherlands/NoordBrabant_10/2020	hCoV-19	EPI_ISL_414431	2020-03-02	NoordBrabant_	Netherlands	gisaid	genome
Netherlands/NoordBrabant_1/2020	hCoV-19	EPI_ISL_414428	2020-03-02	NoordBrabant_	Netherlands	gisaid	genome
Brazil/SPBR-13/2020	hCoV-19	EPI_ISL_416035	2020-03-05	SPBR	Brazil	gisaid	genome
Netherlands/Limburg_6/2020	hCoV-19	EPI_ISL_414427	2020-03-03	Limburg_	Netherlands	gisaid	genome
Netherlands/Limburg_3/2020	hCoV-19	EPI_ISL_414425	2020-03-03	Limburg_	Netherlands	gisaid	genome
Netherlands/Limburg_2/2020	hCoV-19	EPI_ISL_414424	2020-03-03	Limburg_	Netherlands	gisaid	genome
Netherlands/Gelderland_1/2020	hCoV-19	EPI_ISL_414423	2020-03-02	Gelderland_	Netherlands	gisaid	genome
Brazil/SPBR-12/2020	hCoV-19	EPI_ISL_416034	2020-03-04	SPBR	Brazil	gisaid	genome
Brazil/SPBR-11/2020	hCoV-19	EPI_ISL_416033	2020-03-03	SPBR	Brazil	gisaid	genome
Brazil/SPBR-10/2020	hCoV-19	EPI_ISL_416032	2020-03-04	SPBR	Brazil	gisaid	genome
Netherlands/Limburg_4/2020	hCoV-19	EPI_ISL_414426	2020-03-03	Limburg_	Netherlands	gisaid	genome
Brazil/SPBR-09/2020	hCoV-19	EPI_ISL_416031	2020-03-04	SPBR	Brazil	gisaid	genome
Netherlands/NoordBrabant_12/2020	hCoV-19	EPI_ISL_414452	2020-03-06	NoordBrabant_	Netherlands	gisaid	genome
Netherlands/NoordBrabant_13/2020	hCoV-19	EPI_ISL_414453	2020-03-06	NoordBrabant_	Netherlands	gisaid	genome
Netherlands/NoordBrabant_14/2020	hCoV-19	EPI_ISL_414454	2020-03-05	NoordBrabant_	Netherlands	gisaid	genome
Netherlands/NoordBrabant_15/2020	hCoV-19	EPI_ISL_414455	2020-03-06	NoordBrabant_	Netherlands	gisaid	genome
Netherlands/NoordBrabant_16/2020	hCoV-19	EPI_ISL_414456	2020-03-04	NoordBrabant_	Netherlands	gisaid	genome
Netherlands/NoordBrabant_17/2020	hCoV-19	EPI_ISL_414457	2020-03-06	NoordBrabant_	Netherlands	gisaid	genome
Germany/NRW-02-1/2020	hCoV-19	EPI_ISL_414497	2020-02-25	NRW	Germany	gisaid	genome
Germany/NRW-03/2020	hCoV-19	EPI_ISL_414498	2020-02-26	NRW	Germany	gisaid	genome
Germany/NRW-04/2020	hCoV-19	EPI_ISL_414499	2020-02-26	NRW	Germany	gisaid	genome
England/Sheff02/2020	hCoV-19	EPI_ISL_414501	2020-03-03	Sheff	England	gisaid	genome
Brazil/SPBR-08/2020	hCoV-19	EPI_ISL_416029	2020-03-04	SPBR	Brazil	gisaid	genome
Brazil/SPBR-07/2020	hCoV-19	EPI_ISL_416028	2020-03-03	SPBR	Brazil	gisaid	genome
Wales/PHW21/2020	hCoV-19	EPI_ISL_416026	2020-03-11	PHW	Wales	gisaid	genome
Netherlands/NoordBrabant_19/2020	hCoV-19	EPI_ISL_414459	2020-03-06	NoordBrabant_	Netherlands	gisaid	genome
Netherlands/NoordBrabant_18/2020	hCoV-19	EPI_ISL_414458	2020-03-05	NoordBrabant_	Netherlands	gisaid	genome
Netherlands/NoordBrabant_6/2020	hCoV-19	EPI_ISL_414451	2020-03-06	NoordBrabant_	Netherlands	gisaid	genome
Netherlands/NoordBrabant_4/2020	hCoV-19	EPI_ISL_414450	2020-03-06	NoordBrabant_	Netherlands	gisaid	genome
Netherlands/NoordBrabant_2/2020	hCoV-19	EPI_ISL_414449	2020-03-03	NoordBrabant_	Netherlands	gisaid	genome
Netherlands/Utrecht_11/2020	hCoV-19	EPI_ISL_414443	2020-03-03	Utrecht_	Netherlands	gisaid	genome
Netherlands/Utrecht_10/2020	hCoV-19	EPI_ISL_414442	2020-03-03	Utrecht_	Netherlands	gisaid	genome
Netherlands/Utrecht_2/2020	hCoV-19	EPI_ISL_414436	2020-03-03	Utrecht_	Netherlands	gisaid	genome
Netherlands/Utrecht_1/2020	hCoV-19	EPI_ISL_414435	2020-03-03	Utrecht_	Netherlands	gisaid	genome
Netherlands/Overijssel_1/2020	hCoV-19	EPI_ISL_414434	2020-03-03	Overijssel_	Netherlands	gisaid	genome
Netherlands/NoordHolland_1/2020	hCoV-19	EPI_ISL_414433	2020-03-03	NoordHolland_	Netherlands	gisaid	genome
Netherlands/NoordBrabant_5/2020	hCoV-19	EPI_ISL_414430	2020-03-05	NoordBrabant_	Netherlands	gisaid	genome
Netherlands/NoordBrabant_3/2020	hCoV-19	EPI_ISL_414429	2020-03-02	NoordBrabant_	Netherlands	gisaid	genome
Netherlands/ZuidHolland_13/2020	hCoV-19	EPI_ISL_414470	2020-03-06	ZuidHolland_	Netherlands	gisaid	genome
Netherlands/ZuidHolland_11/2020	hCoV-19	EPI_ISL_414469	2020-03-04	ZuidHolland_	Netherlands	gisaid	genome
Netherlands/Utrecht_6/2020	hCoV-19	EPI_ISL_414461	2020-03-04	Utrecht_	Netherlands	gisaid	genome
Netherlands/ZuidHolland_10/2020	hCoV-19	EPI_ISL_414446	2020-03-03	ZuidHolland_	Netherlands	gisaid	genome
Netherlands/ZuidHolland_1/2020	hCoV-19	EPI_ISL_414444	2020-03-02	ZuidHolland_	Netherlands	gisaid	genome
Netherlands/Utrecht_8/2020	hCoV-19	EPI_ISL_414441	2020-03-03	Utrecht_	Netherlands	gisaid	genome
Netherlands/Utrecht_7/2020	hCoV-19	EPI_ISL_414440	2020-03-03	Utrecht_	Netherlands	gisaid	genome
Netherlands/Utrecht_5/2020	hCoV-19	EPI_ISL_414439	2020-03-02	Utrecht_	Netherlands	gisaid	genome
Netherlands/Utrecht_4/2020	hCoV-19	EPI_ISL_414438	2020-03-03	Utrecht_	Netherlands	gisaid	genome
Netherlands/Utrecht_3/2020	hCoV-19	EPI_ISL_414437	2020-03-03	Utrecht_	Netherlands	gisaid	genome
Spain/Valencia2/2020	hCoV-19	EPI_ISL_414496	2020-03-04	Valencia	Spain	gisaid	genome
Spain/Valencia1/2020	hCoV-19	EPI_ISL_414495	2020-03-08	Valencia	Spain	gisaid	genome
Wales/PHW05/2020	hCoV-19	EPI_ISL_414488	2020-03-08	PHW	Wales	gisaid	genome
Wales/PHW03/2020	hCoV-19	EPI_ISL_414486	2020-03-07	PHW	Wales	gisaid	genome
Netherlands/ZuidHolland_14/2020	hCoV-19	EPI_ISL_414471	2020-03-05	ZuidHolland_	Netherlands	gisaid	genome
Netherlands/ZuidHolland_8/2020	hCoV-19	EPI_ISL_414468	2020-03-06	ZuidHolland_	Netherlands	gisaid	genome
Netherlands/ZuidHolland_7/2020	hCoV-19	EPI_ISL_414467	2020-03-05	ZuidHolland_	Netherlands	gisaid	genome
Netherlands/ZuidHolland_6/2020	hCoV-19	EPI_ISL_414466	2020-03-04	ZuidHolland_	Netherlands	gisaid	genome
Netherlands/ZuidHolland_5/2020	hCoV-19	EPI_ISL_414465	2020-03-04	ZuidHolland_	Netherlands	gisaid	genome
Netherlands/ZuidHolland_9/2020	hCoV-19	EPI_ISL_414445	2020-03-03	ZuidHolland_	Netherlands	gisaid	genome
Singapore/14/2020	hCoV-19	EPI_ISL_414380	2020-02-19		Singapore	gisaid	genome
Singapore/12/2020	hCoV-19	EPI_ISL_414378	2020-02-17		Singapore	gisaid	genome
Singapore/13/2020	hCoV-19	EPI_ISL_414379	2020-02-18		Singapore	gisaid	genome
HongKong/case49_VM20002508/2020	hCoV-19	EPI_ISL_414567	2020-02-10	case_VM	Hong Kong	gisaid	genome
